distance,delta
2.02813,0.00311886
2.68466,-0.0362275
3.22382,-0.0206911
1.58002,0.0137255
2.84734,0.0589119
2.89305,0.0210172
2.48227,-0.00570412
1.80999,-0.0443625
2.55652,0.0528541
2.41148,-0.0677316
1.45144,-0.0295608
3.22735,0.0382767
2.22307,0.00348854
2.55759,0.0283494
2.57166,-0.0325955
1.80592,-0.00904335
2.7397,0.0259264
2.73038,-0.0116317
2.85455,-0.0342371
1.83775,-0.00962863
3.34902,0.0494147
3.5771,-0.00678431
1.64591,0.0337815
2.64927,0.00697712
2.27039,-0.0281979
2.21586,-0.00492453
1.96737,0.0326349
2.43137,-0.00949246
2.43232,0.0364321
1.7696,0.0194663
2.6598,0.00426454
2.80924,0.00325572
2.4645,0.00424743
3.52101,0.0258688
2.53217,0.0147043
1.91854,0.00333183
1.88246,0.00035312
1.65751,0.00655447
2.28122,0.00783929
2.02992,0.00913762
2.22138,-0.00262629
3.52492,-0.00929482
2.22377,-0.0128316
2.34024,0.0191386
1.97434,0.00221934
3.58006,0.0293195
2.54406,0.0106236
2.9502,-0.0127027
2.83705,-0.00892028
2.32186,-0.0406093
1.81786,0.0493283
2.47966,0.0125288
3.80493,0.0153802
3.16556,0.0141274
1.86694,-0.0075691
3.24747,0.0103433
2.69767,-0.0101745
2.44606,-0.0163728
2.52119,-0.00556794
3.17027,-0.0296478
2.69159,-0.0353403
2.4563,-0.0188045
1.99463,-0.0102597
2.96666,0.0489691
2.65245,0.0350543
2.87527,0.038797
2.75933,0.0141077
2.35873,0.0084603
3.34586,-0.0489862
3.93322,0.0120912
3.18982,0.0367381
2.54883,0.0371039
2.52289,-0.00726807
2.61918,0.0214467
2.15953,-0.0110911
3.99279,0.030648
2.26447,0.0245883
2.60262,0.0301946
2.11369,-0.0199422
2.66335,0.01634
2.77887,-0.0132435
3.1064,0.0186039
2.49065,0.00153634
2.78008,-0.0144555
3.66944,-0.0288136
3.02877,0.00248324
1.89549,-0.0126807
3.0728,0.0521986
3.23179,-0.0208554
2.99968,-0.0309315
2.95143,0.0173226
2.50667,0.0167679
1.96111,-0.0314189
2.2925,-0.0268725
4.57022,0.00790988
3.54925,0.0679362
2.39608,0.0257913
3.4301,-0.00822223
2.60565,0.0271622
1.66346,0.0240392
2.75418,-0.0198085
2.50521,-0.00520843
3.05061,-0.0115477
3.01907,0.0121779
2.34156,-0.0446836
2.07361,-0.018927
2.9561,0.0282777
2.495,-0.0184392
2.25858,0.014856
2.31569,-0.0344394
2.08057,-0.0258856
2.04657,-0.0153173
2.3713,0.0115094
2.15205,-0.0192345
1.49847,0.0171556
2.21645,0.0413657
2.30988,0.041679
2.69362,-0.0451849
2.28542,-0.0197934
2.44607,0.0304923
2.68015,-0.023904
2.091,0.0183751
1.62965,-0.0358995
3.62748,0.0131485
3.03439,0.0359208
2.19349,0.00182307
2.8545,-0.00293539
2.47945,-0.00288458
2.33741,0.0219697
2.58811,-0.00998908
3.57517,0.00295869
1.7867,-0.0367023
2.52302,0.016047
3.04627,0.00842064
4.41199,-0.0135514
3.19109,0.0354755
2.01949,0.0273824
1.81624,0.00406791
1.83406,-0.0215562
2.34661,-0.0184859
2.54974,-0.0028674
2.57386,0.0120789
2.476,0.00837629
3.5673,0.0186348
3.28216,-0.0556022
3.01019,-0.0258126
2.46706,0.0251255
1.69277,0.0103597
2.38441,0.0452793
2.07453,0.00359945
2.64821,-0.0388354
3.16918,0.018317
2.94396,-0.00646018
3.23757,-0.0500711
3.1647,0.00717391
2.49807,0.0331755
3.2661,-0.0395384
3.62902,-0.0118339
2.26699,-0.0248048
2.88525,0.0131869
2.86394,-0.0514432
1.66363,0.016061
1.90011,0.0295789
3.35437,0.0206337
1.71118,-0.000238126
2.2792,0.0176756
2.18482,-0.00513538
3.48962,-0.00524715
2.41132,-0.0441319
4.06578,0.0357794
1.7052,0.00573589
2.63672,-0.0117205
2.6535,0.0261864
2.48386,0.0161385
1.99695,0.0108639
2.63442,-0.00160701
2.63617,-0.0267925
2.88309,0.00753089
2.45555,0.0366354
2.10389,-0.00232324
2.44187,0.0112586
2.67964,-0.023392
2.43331,-0.0426819
3.5528,-0.021554
2.66291,0.00896954
2.87495,0.00786331
2.14546,0.0264173
3.03318,-0.0566132
2.39206,-0.0483129
2.43202,-0.0257726
2.91715,-0.00309162
2.64087,-0.0471183
2.2756,-0.0334151
2.33808,0.00566785
3.3272,0.0087394
2.85774,0.0250683
1.96361,0.00513779
3.31155,-0.00686069
2.09786,0.0349558
2.23761,-0.0110491
2.59098,-0.0206664
3.33094,-0.0262499
2.28036,0.0399509
2.97268,0.0195036
3.46359,0.0364124
2.44942,0.0271416
3.16883,0.0264839
2.98167,0.0417708
2.91139,-0.0285805
3.37839,0.0434886
2.27842,0.00282844
2.66194,0.0255569
2.96994,-0.0402528
2.79815,-0.0090829
3.0552,-0.0317673
2.57346,-0.0031441
2.82504,0.0109023
3.12556,-0.000557755
1.90407,0.00999511
2.85138,0.000178293
3.00228,-0.0647752
2.26985,0.0192156
4.28753,-0.00628205
1.88885,0.00177501
3.1335,0.046192
2.8855,-0.0104969
2.76666,0.0458424
3.54047,0.0298406
3.26543,-0.00761794
2.98568,-0.0169338
2.78395,-0.0105159
2.59762,0.0039474
3.92455,0.0285707
2.27738,-0.00393898
2.12029,0.0359649
2.17557,-0.00369335
2.40237,0.0195041
3.46824,-0.046361
2.68805,0.05414
2.84509,-0.00915431
2.04635,-0.0307223
2.81812,-0.00561597
2.83475,0.00899934
2.06353,-0.00884112
2.93893,-0.00143214
2.69133,-0.0194532
1.85306,0.00631919
2.27012,0.011133
2.70214,-0.00683239
3.36598,0.00902075
3.34062,0.0187587
2.59703,0.0279724
1.50937,-0.0328064
2.80525,-0.0318146
3.15847,0.00559027
2.98577,-0.017016
3.30682,0.036926
2.79137,-0.00230423
2.80978,0.00272404
2.01444,0.00899903
3.39389,-0.0032602
3.09686,0.00470353
2.44431,0.0244402
2.85978,0.0464691
4.31999,0.000325932
2.62977,0.0108501
2.05023,0.00445838
2.01041,-0.0025959
3.79961,0.0285127
2.21681,-0.00587457
2.54737,0.0151287
3.66153,0.0415951
3.42256,-0.0085016
2.3391,0.012464
3.48945,0.0496164
3.70339,-0.0549535
2.32617,-0.0136727
2.54718,-0.0237433
2.33691,-0.008788
2.64069,0.0155621
2.5294,0.0331028
2.8943,0.0275739
2.40883,0.0208555
2.42465,-0.0262078
2.97903,-0.0180889
3.89691,0.00934212
2.64722,0.055904
2.08275,0.0266288
1.99917,0.0320837
2.53047,0.0164049
3.09787,0.0115024
2.38599,0.012446
3.20027,-0.0127656
3.24813,0.0174973
2.80017,-0.0111046
2.25335,0.0122762
2.27601,-0.00256951
2.52295,0.0629898
3.26024,0.0444524
1.93459,0.00290631
3.5058,-0.00580443
2.6204,0.00459619
2.02887,-0.00543694
2.84297,-0.0304695
2.93633,-0.0144559
2.75492,-0.0127312
2.34531,0.0218784
3.38562,0.00500442
2.32449,0.0114468
2.41724,-0.0422416
2.29554,0.0169628
3.16362,-0.0308124
3.05255,0.00213482
2.6392,0.0482982
3.18337,-0.00368631
2.83499,0.0165708
1.61857,-0.0248152
2.7944,-0.0131538
3.03975,0.0305626
2.92955,-0.00767063
3.19296,0.0179817
2.90786,0.00620222
2.54599,0.0477582
3.23539,-0.0166394
2.61273,0.00446159
3.61649,-0.0383691
3.58013,0.0136233
3.85983,-0.0551383
3.46581,-0.0126857
2.24367,0.0297692
1.923,0.0301263
2.94091,0.00440623
2.63595,-0.0109505
3.22718,0.0306362
2.65242,-0.00398179
2.45312,6.47247e-06
2.67337,0.0219414
1.90951,-0.0110717
2.46839,0.0472351
1.75696,-0.0460231
2.12834,0.01228
1.9942,0.037046
2.55193,0.0183779
2.85867,0.000709619
2.95578,-0.0729633
2.49587,0.0197579
2.37549,-0.0551818
2.90341,-0.0127842
3.06955,-0.0148607
2.04267,-0.019228
2.54005,0.022452
1.9438,0.0249482
2.90146,0.0126061
2.28394,-0.0261289
2.15652,-0.00808005
2.79504,0.00965201
3.76504,0.000584195
2.46804,-0.0461641
2.94285,0.0415289
3.50174,-0.0173614
1.45509,-0.0332175
1.68915,-0.032903
2.9152,-0.00113988
2.62781,-0.0262515
3.12174,0.0188861
3.24358,0.022045
2.75379,0.0196466
2.19597,-0.0162872
3.49138,-0.0460633
3.09985,0.00171154
2.50882,0.0693038
2.07006,-0.0388087
2.20953,-0.0142161
2.28856,0.000504863
2.19276,0.0338003
1.97218,0.0121903
2.57565,0.0024749
3.07417,-0.00385505
2.88159,-0.0456515
3.26508,0.0708591
2.23435,2.51616e-05
2.25643,-0.0220513
3.03204,-0.0242253
2.93426,0.0188697
2.1076,0.00958352
2.86264,-0.0110771
1.92784,0.0252843
3.34878,0.00278247
4.1665,-0.0336846
2.39159,0.00684999
1.92161,0.00807845
2.36497,0.0412768
2.02418,0.00707254
3.43954,-0.0176678
2.7679,-0.0335221
2.54275,0.00412876
2.5456,0.0247157
2.94275,0.0338165
2.18337,0.0353847
3.53923,0.0388976
2.23513,0.0148672
2.79699,-0.000113711
3.27681,-0.0346209
3.27214,0.0247346
2.37045,0.0279826
1.93642,0.0167061
3.28341,-0.017787
3.24342,0.0143949
3.12271,-0.00551927
2.8528,-0.0246783
2.62087,0.00413464
2.99491,0.0129058
2.2464,0.0114153
2.0479,0.00678701
1.99813,-0.00594246
2.29053,0.0219688
2.75863,-0.0633223
3.03807,-0.038065
2.7386,0.0348391
2.92324,-0.0169877
2.65776,-0.0171366
3.11656,0.000624184
2.53314,-0.00188675
2.32639,-0.0217071
3.03345,-0.0021967
2.29467,0.0568903
2.33496,0.016606
2.38425,0.0298076
2.93652,-0.00683211
2.63251,-0.0231384
2.72912,-0.0650596
2.41544,0.0142443
2.48705,0.067641
2.62807,0.0203712
2.28923,0.0154543
2.84143,0.0257605
2.69823,0.0283307
2.10872,-0.0305968
2.58715,-0.00902362
2.8754,0.0152231
3.00751,0.00811599
2.47536,0.00901246
2.93901,-0.00151293
3.42081,-0.0223692
2.39392,0.0279523
3.05604,-0.00916213
3.47955,0.0438856
2.30083,-0.0273967
2.95572,-0.0650946
2.54848,-0.00160022
2.28685,0.00221525
2.73361,0.0163948
3.87377,0.00904084
2.14838,0.0156857
1.72414,-0.00539307
2.31269,-0.00800484
3.42778,0.0800354
1.79284,-0.00377708
3.15242,-0.0117932
3.11378,-0.0434709
1.7185,-0.0388163
3.74551,-0.0345703
2.62702,-0.00202459
3.21185,0.0303418
3.12583,0.0226109
2.72419,-0.0210642
2.57881,0.00712365
2.75656,-0.0143746
3.92624,-0.00436215
2.38399,-0.0324294
2.93949,-0.0488613
3.4022,0.0509271
2.60187,0.046569
2.21868,0.0156944
2.69216,0.0265938
2.64763,-0.0616941
2.38782,-0.0128234
2.38049,-0.0289297
2.59282,-0.038131
2.1759,-0.00402346
3.79825,-0.0170005
2.45432,-0.0715091
2.93504,0.0649574
2.45728,0.0270937
2.60408,0.00529689
2.52061,0.0184566
2.18311,-0.0268589
3.06338,-0.0321307
2.1631,-0.0459119
2.64177,-0.03239
2.95247,0.0162771
1.90406,0.033444
2.95437,-0.00905741
2.75845,0.00717163
2.80597,-0.00909413
2.9447,-0.0150122
2.40917,-0.00291649
2.71836,0.0238308
2.43527,-0.0133925
3.03294,-0.00168756
2.03774,-0.0533604
2.91944,0.0102465
3.82706,0.0323141
1.83736,-0.00923645
3.11928,0.0213438
2.92376,-0.0175058
3.40604,-0.00760532
2.87242,-0.0364844
2.33292,0.0342672
2.48768,0.0826326
2.50715,-0.00715433
2.84098,-0.00503868
2.24941,0.031843
2.37794,-0.0498162
2.89307,-0.0336925
3.26975,-0.0119364
2.2181,-0.0306014
2.02902,-0.00558748
2.99372,-0.0405947
2.80609,-0.0170241
3.32205,0.00607995
1.91619,-0.00213197
2.21911,-0.0159872
3.25224,-0.0334924
2.89701,0.00142765
2.01835,0.0050906
1.78761,0.00145184
3.24728,-0.0207155
2.94258,0.033983
2.73196,-0.00540211
3.62668,0.013942
2.11513,0.0176835
2.73047,0.0507833
3.61489,-0.0289475
2.94551,0.00761562
2.0093,-0.00149182
2.48107,-0.0357537
2.80384,0.000844704
2.17723,-0.0131682
2.93586,0.00163863
3.58375,0.0178143
3.12201,-0.0673252
1.89145,0.00698942
2.86386,0.00332287
2.102,0.0230009
3.39119,-0.0161907
2.15899,-0.0417979
2.2898,-0.000739695
2.30129,-0.00441865
2.8666,-0.046286
2.73609,0.0451602
2.71514,-0.00420515
2.44489,-0.00738542
2.6504,-0.0644638
3.6065,-0.00493658
2.93977,-0.0100831
2.77894,0.00230829
2.43201,-0.0179465
2.52581,0.0210648
2.62316,-0.0294148
2.6925,-0.00499879
2.0835,-0.0053728
2.03278,-0.0405934
2.29072,-0.00946605
2.55912,0.0268138
2.82643,-0.0295526
2.41383,-0.0153889
1.97504,-0.00629363
3.741,-0.0222548
2.62255,0.0493225
3.03837,0.00850677
3.60557,0.0506819
3.0964,0.012976
2.24979,-0.0466697
2.96222,0.0534063
2.67939,0.0549867
2.32137,-0.00105913
3.47555,0.00882223
2.00831,-0.0317504
2.89791,-0.0463473
2.16734,-0.0423444
2.66839,0.0191063
2.33428,0.0329039
2.26642,0.0382668
2.63714,0.0659864
2.11324,0.00394304
1.71946,-0.0475883
2.76641,-0.0086004
2.52019,-0.0358139
1.7404,-0.0138355
2.84322,0.0395938
2.26875,0.0203133
2.63177,0.0244827
3.21562,0.0265705
2.44858,0.0514201
2.61683,0.0472311
2.7262,-0.00745323
2.46458,-0.0114523
2.82835,-0.0236612
2.00886,0.0145772
3.60418,-0.00262101
2.41465,-0.0162113
1.79909,0.0368426
3.57622,0.0253421
2.72349,-0.0125524
2.3944,-0.011583
3.11721,0.00779405
2.29271,0.0119821
2.88176,0.0869912
1.87248,0.0181424
2.86513,0.033312
2.13001,0.0106139
3.35796,0.0014181
3.02417,-0.0476033
2.63544,-0.00262362
3.36896,-0.0564573
1.69491,0.0394616
2.63598,0.0671489
3.72881,-0.0178682
2.88285,-0.0390992
3.31297,-0.0395325
2.54779,0.0225247
2.09117,0.0103952
4.24788,0.00211547
2.73238,0.00199299
2.09929,-0.00553855
2.24088,-0.0299395
2.10782,0.0249917
3.55344,0.040311
2.57873,-0.0318594
2.67917,0.000515906
3.71564,-0.00469852
2.39561,-0.0284223
3.39654,0.00189336
2.39291,0.0367811
3.76322,0.0258446
2.78381,-0.00256168
3.77656,0.0281275
3.00823,0.0230249
1.98227,-0.0213375
1.85389,0.0211085
2.32452,-0.00421142
2.87543,0.0151918
2.08941,0.0355916
2.77474,-0.0403607
2.74535,-0.042229
2.09713,0.0200593
3.04229,0.00458525
2.95434,0.0300374
2.85536,0.0352619
1.98943,-0.012871
2.33131,-0.0109931
3.1789,0.000782933
3.43566,0.00965445
2.56692,0.00339749
3.36344,0.0428098
3.00715,0.0397204
1.97542,-0.0535409
1.98127,-0.0125224
2.97261,-0.0272944
2.23539,0.0614831
3.41355,-0.0151097
2.44247,-0.0440317
1.84007,-0.0197615
2.22705,-0.023924
2.8629,0.0121027
3.83893,-0.0264262
2.27181,-0.00618267
1.93847,-0.00878029
2.17325,-0.0248152
2.02917,-0.0135455
2.46261,0.0373859
2.73446,-0.0313325
2.53055,-0.0461737
2.25813,0.0621824
4.06696,0.0189776
2.54788,0.0458703
3.16503,-0.040029
2.32903,-0.0165324
2.87348,0.00933015
2.68385,-0.00415884
2.28349,-0.0022383
2.13884,-0.00603
1.91691,-0.00284953
2.39768,-0.0148635
3.65394,-0.0289419
2.98875,-0.0121842
3.2044,0.006533
2.6722,-0.000329773
2.00137,0.0220636
2.33447,-0.0219731
3.3759,0.0147237
2.58636,-0.0160437
2.80382,0.00867558
3.16728,0.0358495
3.09185,0.00190324
2.72269,0.0507511
2.49297,0.0382794
3.95901,-0.0136942
2.37095,0.00405168
3.62634,0.0142815
3.16756,0.0590058
2.67053,0.0247776
3.07278,-0.0102803
3.25213,0.0369331
2.6161,0.0167129
2.58361,0.025764
3.18175,-0.00987581
2.32769,-0.0151899
2.49433,-0.0255806
3.48048,0.0273316
2.83361,-0.00548126
3.16683,0.0519193
2.92861,0.0167069
2.4835,0.0165005
2.24706,-0.0439393
2.47505,0.017133
2.38064,-0.0681404
2.2814,0.00765968
2.60839,0.0244236
2.57229,-0.00197388
2.30213,-0.0208826
2.26601,0.0230515
2.37989,0.0341753
2.11335,-0.0274119
2.79137,-0.00230423
2.64802,0.0082299
3.19866,0.0279011
2.17182,0.00786635
2.83229,0.0192747
3.04245,0.0356716
3.26121,-0.0580825
2.90356,-0.00512501
2.51388,0.00174574
2.66041,0.00364793
2.61111,0.00607521
1.9838,-0.0462957
2.13486,0.0448288
2.59575,-0.0254343
2.72862,0.0135678
3.21812,-0.0306222
3.46742,-0.0299176
2.65972,-0.00346757
2.63409,0.0065396
2.28787,-0.0144365
3.11885,0.00615189
3.29754,-0.0553511
2.38267,0.0157637
1.98282,0.017182
2.46456,-0.0348755
2.04313,0.00374423
2.81228,-0.0154042
2.52932,0.00974525
3.84967,0.0331394
2.09398,-0.0080401
1.96102,-0.0157117
2.99318,0.0302577
2.4687,4.97714e-05
2.34152,0.0256642
3.34315,0.000597925
2.22842,-0.0174807
3.64957,-0.00894513
3.22064,-0.00970171
2.54763,-0.00856687
2.15792,0.0217655
1.81974,-0.0384878
2.0927,-0.0223838
2.27643,0.00482157
3.0557,-0.00882432
4.73414,0.00804967
2.67615,-0.01209
2.60597,0.0112147
2.61692,0.00808332
2.96542,0.0111385
2.22862,-0.00205562
2.61893,0.0216979
2.18012,-0.0238663
3.96199,0.053636
2.82559,0.0337871
2.70143,-0.0295595
2.6501,0.0061534
2.97727,-0.0241453
2.3371,-0.048035
2.55383,-0.0382041
2.30478,-8.93228e-05
2.59044,0.00331105
3.37695,-0.0566396
2.86744,-0.0549373
2.80621,-0.0171435
3.58838,-0.0102592
2.21367,-0.00273576
2.81632,0.0118074
2.93042,-0.0163544
3.16352,0.0396086
2.33653,0.0306601
2.99076,-0.0220114
2.45439,-0.00126061
2.65527,0.0322261
2.00019,-0.0158138
2.82391,0.01984
3.17809,0.0172245
2.5874,-0.00927601
3.33073,-0.00260924
3.39291,-0.0100949
2.89121,-0.0162077
3.43367,0.027272
2.22377,-0.0128316
3.1197,-0.0103256
2.87536,-0.000363402
2.47961,0.0047626
3.0882,0.0133661
2.30027,0.0122285
2.06458,-0.0333258
1.67407,0.0368645
2.62189,0.0109273
2.29494,0.0331845
2.91231,0.0486312
3.1669,0.0205974
1.7175,0.0403152
3.32008,0.0471098
1.99555,-0.042426
2.53992,0.00695295
3.49316,0.0302816
2.843,0.0320045
2.29225,-0.0266263
2.69688,0.00624519
1.54739,-0.0239547
2.29956,-0.010494
3.1002,0.0326151
3.55471,-0.0156442
3.18213,-0.0258796
2.95476,-0.0328821
1.42776,0.00974004
2.34239,-0.00644754
1.81875,-0.0609381
2.40504,-0.0534741
2.4233,0.0298232
3.14949,0.0145687
2.62608,0.0536095
1.95238,-0.00706563
2.16998,-0.0215423
2.74988,-0.0311258
2.52986,0.0091993
2.78195,-0.000703269
2.45709,0.042909
2.58131,-0.0266237
2.16052,-0.0355201
2.93432,0.0109937
2.3612,-0.0174452
2.16271,-0.0142727
2.6246,0.0316474
3.34855,0.0264454
2.6572,0.0459289
2.14154,0.00689952
2.60511,0.0198906
1.77665,-0.0110243
2.81056,0.017561
2.42501,-0.0422014
3.07063,-0.0159394
2.29307,-0.0274419
3.19908,0.0352945
3.40295,0.00329577
2.80688,-0.00218773
3.52895,0.0647969
2.45113,0.00980343
2.65502,0.0324832
1.72426,0.0179291
1.91043,-0.0198045
2.25358,-0.0348329
2.25553,0.0257198
3.50017,-0.0236065
2.9689,-0.0235896
1.90671,0.0229823
1.98098,-0.00441571
2.70948,-0.0141723
2.52191,0.0171532
2.95878,0.017779
3.47417,-0.0210411
3.01907,0.0121779
2.07921,-0.0401464
2.30784,0.0124763
2.81923,0.0713965
2.37914,0.0114844
2.90501,-0.00657645
3.57799,0.0235727
2.99497,-0.0262204
2.47647,0.0157139
2.65522,-0.0145949
2.21806,-0.061808
1.58259,-0.0278998
2.23711,-0.00273472
2.62486,0.00795008
2.9334,0.00409959
3.14768,0.000753133
2.61045,-0.0479463
2.51159,0.0118497
2.42745,-0.0524492
1.79136,-0.0101128
2.30417,0.0161435
1.72977,0.00460703
2.90187,0.0512551
3.27117,0.00227183
3.67632,0.0111776
2.13829,-0.0367309
2.65017,-0.0173596
3.17998,-0.000295926
2.2379,-0.0113387
2.52561,-0.0177952
2.89237,0.00607142
3.83934,-0.0112155
4.40032,-0.00188307
3.21206,-0.0245591
2.22688,-0.00813134
2.25101,-0.0244446
2.52581,-0.0414341
2.18882,-0.00131781
3.51194,-0.0431879
2.58833,-0.0492669
2.24062,0.00156945
2.68173,-0.0254804
3.54742,0.0150783
2.06161,-0.0147359
2.71666,0.00208814
2.30876,-0.0275055
2.15658,0.0309223
2.29991,0.0125869
2.07687,-0.0221781
2.46203,0.0301616
2.73943,-0.0206772
1.95795,0.0107983
2.83614,0.00760953
2.59946,-0.0369639
3.02586,-0.0180437
2.10103,-0.0229071
1.82221,0.0137284
3.77462,0.00662626
1.82872,-0.000597457
2.04022,0.0144715
4.0175,0.00593991
2.9614,0.0151664
3.27423,-0.000794395
2.35534,-0.0115944
2.71004,-0.0225416
3.06091,0.0406511
2.06219,0.00812361
2.6599,0.0588503
3.12075,-0.0348103
2.55376,-0.0303261
2.99758,-0.028834
2.75144,-0.0248776
2.16456,0.0307516
3.19758,0.00554802
2.89977,0.00648058
2.56036,-0.0134848
2.50745,0.0472344
1.93084,0.0613465
3.16194,0.00212203
2.45365,0.0229138
2.15991,0.00415287
1.54363,-0.028005
2.504,0.0116209
2.12734,0.0445302
2.85839,-0.0302658
2.75423,0.0192062
2.92172,0.0157829
3.01592,-0.015916
2.24354,0.0298938
2.53785,0.00902677
2.34397,0.0154073
3.75075,0.0226886
2.38503,-0.0178421
2.38753,0.0187162
2.81715,-0.0280872
2.79391,-0.0126642
2.22408,-0.00533401
2.89856,0.0155015
3.00273,-0.0183536
2.09531,-0.0171846
2.75609,-0.00609233
2.23017,0.0276436
2.77942,-0.0450452
2.72814,-0.0406374
2.57237,0.00575241
1.94148,-0.0274171
2.26604,-0.000418893
2.65269,-0.0120685
3.23811,-0.0349805
3.24736,-0.0129805
3.40959,0.0201003
2.0703,-0.0234213
3.33947,0.012091
3.2477,0.0179268
3.36838,0.0613074
1.8569,0.0259161
2.66489,0.0147948
3.35521,0.0119731
2.95909,-0.00596217
3.90946,0.0358572
2.1632,-0.0382026
2.32773,-0.085546
1.9309,-0.00902059
3.17291,-0.00103399
2.29737,-0.0239289
2.06352,-0.0010156
1.9104,0.0349169
2.88836,0.00226091
2.41933,0.0181748
2.25599,-0.021617
2.3971,0.0404029
2.31422,0.0295271
2.96285,-0.00190836
3.63035,-0.00535249
2.83479,0.0167745
2.82093,-0.000613087
1.99678,-0.00459565
3.19133,0.0196095
2.9418,-0.051176
2.37321,0.0017924
2.69208,0.0266749
3.06614,-0.0270792
2.3442,0.00735943
3.52607,0.00517703
2.72316,-0.0122178
2.22348,-0.0359811
1.38552,-0.0417685
2.86064,-0.0168876
2.03455,-0.0267331
2.60095,-0.0150116
2.22468,-0.00593165
2.55472,-0.0156601
2.65863,-0.00238271
2.32616,0.0254027
2.94141,-0.0195348
3.46038,0.0318109
2.2641,-0.00629046
3.28011,-0.00667183
2.01314,-0.0053243
1.95852,-0.028833
2.48457,0.00761669
2.15594,-0.0153198
2.78072,0.00052713
2.32605,0.00989212
3.76495,-0.0227644
3.06922,0.00108963
2.53263,-0.00137759
2.74667,-0.00448365
2.95671,0.0198561
3.58399,0.0253804
1.91741,0.0122736
2.86235,-0.0264149
2.24627,0.0193536
2.2481,0.0331504
3.04232,-0.00325328
2.8351,0.00865132
2.72148,0.0285209
2.55994,0.0728732
2.88431,-0.0171226
2.87999,-0.0284321
2.73946,-0.00508458
2.51381,-0.0294345
3.3685,-0.00131292
2.82304,-0.0417851
2.70079,0.0257756
2.10597,0.034651
2.78877,-0.0153358
2.85196,-0.0316458
2.12944,0.00337432
2.0266,-0.042224
2.61629,0.0321437
2.15297,-0.0123445
2.19614,-0.016454
2.27571,0.0211684
1.84589,-0.00995499
3.11971,0.0287236
2.27643,0.0126301
2.11874,0.0140703
3.01952,0.00391546
2.89803,-0.0230339
3.98958,-0.0130183
1.63943,0.00119491
3.70111,-0.0292396
2.01512,0.0317569
3.19554,-0.0158548
1.99173,0.0238995
2.19028,-0.0262166
2.07117,0.0225758
1.98241,0.00977926
1.69914,0.0430484
2.42862,-0.0223656
2.43112,-0.0248709
2.35643,0.0185726
2.27982,0.0326778
2.33219,0.0584344
2.49881,0.0168191
3.10708,-0.0211384
2.39438,0.0196823
3.0498,0.0205153
2.91887,-0.0048088
2.50833,0.0385422
3.07063,-0.0159394
2.59189,0.0174859
3.76517,-0.0386124
2.55725,-0.0103786
3.02094,0.0259335
3.48211,0.0647606
3.55576,-0.0166942
2.58434,0.01722
2.15006,-0.0797509
2.73792,0.0198899
3.07375,-0.0190576
2.82715,0.000974196
2.04044,0.0142516
3.13457,0.0294955
2.07638,0.0642476
2.9035,-0.00506681
2.01348,0.0646485
1.68808,-0.000579368
2.60111,-0.01517
2.57726,0.0243041
3.31657,0.00374163
3.04898,0.0291417
2.78943,-0.00817664
2.05659,-0.00190593
3.09101,-0.0207013
2.837,-0.0088774
1.8355,0.0316875
2.78452,-0.0345222
2.44458,-0.00707839
1.65836,-0.01774
2.05651,0.0528679
2.22204,0.020149
4.56671,-0.0120231
2.84488,-0.0245687
2.67647,0.00321554
3.24073,-0.0141675
2.98295,0.0483032
2.68702,0.00829333
3.44817,0.0440223
2.4743,0.00225893
3.09688,0.0359318
2.61063,-0.0168828
2.24938,0.000616182
2.75052,-0.000517278
3.5038,-0.019424
2.89028,-0.00746818
2.94187,0.0659462
2.28372,-0.049341
2.88352,-0.0553962
3.66786,0.00401556
3.19685,-0.0406033
2.91661,0.0286999
2.15788,0.00618655
2.29058,-0.0327703
2.08615,0.062291
1.67941,0.0237115
3.22156,-0.0184348
2.3304,-0.0179026
2.81753,0.0418479
3.46097,-0.0156612
3.15394,0.0569933
3.50801,0.00761056
2.04307,0.0506838
2.64689,0.00154569
2.90118,-0.00274529
2.99212,0.00787519
2.53551,-0.00425829
3.39996,0.00629207
2.74838,-0.0140036
2.10354,0.00583976
3.5198,-0.0354211
1.85018,0.0170124
2.72348,-0.00473239
2.58657,-0.00844629
2.57679,0.016963
2.08783,-0.0175131
1.73021,-0.0114644
2.80901,-0.00432585
2.4285,0.0324336
2.78814,0.0243613
2.42046,-0.0298369
1.74995,0.015676
3.34584,0.036972
1.86622,-0.0146624
2.46803,-0.0461547
2.58502,0.00091384
2.84097,0.00277551
1.83344,-0.0287502
2.96631,-0.028807
2.27232,0.0167412
2.77323,-0.0388527
2.79549,0.00919378
2.53657,0.0181214
2.42921,-0.0307715
3.16581,-0.025188
2.91479,-0.000730074
2.82015,0.0314107
2.69265,-0.00514869
3.00439,0.0112301
1.91151,-0.0208869
3.16546,-0.0326451
1.64304,-0.0102313
2.38186,-0.0615503
2.65906,-0.0184319
2.60134,0.00022504
3.2716,0.0252784
3.18447,-0.0125982
2.94833,-0.0264555
3.11645,0.0241753
3.16165,-0.021021
2.09339,0.0159824
2.27441,0.00683913
2.40132,-0.00288299
2.83685,0.0459592
3.7366,-0.0178477
2.24453,0.0367214
2.32945,-0.00132457
3.14991,0.0610245
3.57414,-0.00382361
2.39951,-0.00107363
2.83695,-0.0400742
1.5554,-0.0319638
3.33817,0.00557855
2.28663,-0.0131876
2.70073,0.0492744
2.33037,-0.00224446
2.7623,0.0189496
3.12281,-0.0759396
1.76854,-0.0107324
2.89785,0.000589709
2.30818,-0.0659923
2.4178,0.0196965
1.52214,-0.0143276
2.65498,0.00907841
3.27417,-0.0085474
3.28564,-0.0200191
1.9025,0.0193709
1.84705,0.00451716
2.48037,0.0118223
2.96261,0.0139496
2.3531,-0.0249721
1.79827,-0.0482696
2.59402,0.0153538
3.73831,-0.0117506
3.29412,-0.0128747
1.66717,0.00470914
3.06089,0.0406709
3.24853,-0.0297769
2.70823,0.0105174
1.96376,-0.0184426
2.69685,-0.00935246
3.06066,-0.0215949
2.22497,-0.00622027
2.35349,0.0136943
3.70141,-0.021722
3.25448,-0.0279179
2.52684,-0.00340562
2.62942,0.0268291
3.32689,0.00904525
1.76063,-0.0418763
3.43004,0.0309023
2.93965,-0.0021522
3.31566,-0.0109739
2.07115,0.0460396
1.4209,0.0322252
2.2604,0.0364713
3.49595,-0.00375797
2.48687,-0.0259318
2.59849,-0.02037
1.85338,0.0216186
3.69646,-0.0167771
2.07232,-0.0332569
1.52511,0.0295761
2.83685,0.0459592
2.44009,-0.0104068
3.03046,-0.00701861
2.81478,-0.00227925
2.2662,-0.0240092
2.04624,-0.0149858
1.65519,-0.0301863
2.73257,0.00961763
2.40163,-0.0188184
2.94091,0.00440623
2.42491,0.0282115
2.65242,0.0272655
2.59927,0.0491711
3.15501,0.00124056
3.08155,0.0512615
2.42642,0.0110846
2.16835,-0.0121034
2.38128,-0.0297207
2.1715,0.00818773
2.54532,0.0171836
3.51566,0.0155857
2.57288,0.0443072
2.96702,-0.0138901
1.96602,0.0105435
1.02078,0.0573409
2.64532,-0.0593838
2.13354,-0.0241659
2.32969,-0.00156929
3.14977,0.00648101
2.79511,0.0330178
2.42566,0.0118414
2.32933,-0.0246435
1.86081,-0.00925155
2.57994,0.0216227
2.74736,-0.0129874
2.35076,0.000801946
1.844,-0.00805896
1.96972,0.0302754
2.04636,-0.0385437
2.70363,0.00731182
2.40679,0.00727547
2.41968,-0.0368658
2.62904,0.011583
2.76836,-0.0105477
2.13257,0.000238402
3.11379,-0.0356609
2.63827,0.0101677
2.23424,0.0235718
3.43005,0.0465112
2.10336,0.0138278
3.3314,-0.0423368
2.86874,0.00626241
2.54828,-0.0248437
2.69321,0.0255446
2.6198,0.013017
2.29131,-0.0334957
2.3057,-0.0244546
3.30474,-0.00786181
2.80136,-0.00448523
3.22548,0.00108152
2.87486,0.0313892
2.4142,0.00767882
2.4792,-0.00263283
3.40067,0.00557534
3.04525,-0.00618455
2.36167,-0.00229458
2.4842,-0.00763825
2.8778,0.028447
2.98709,0.0129142
3.49521,0.0126019
3.70072,0.0024052
2.45113,-0.0526953
2.79531,0.00156209
3.3664,-0.0304636
2.54502,0.00966415
3.11501,0.0412445
2.29899,0.00569288
3.45398,0.0303957
2.36062,-0.0090595
3.07713,-0.00681951
3.13047,0.0335905
2.0526,-0.0213526
2.74768,0.00231777
2.40824,0.0136382
2.40025,-0.0486862
2.07483,-0.0279544
3.4477,0.0210475
3.06752,0.0106089
2.20112,-0.044875
2.75968,-0.0253074
1.73798,-0.0348576
2.84143,0.0257605
2.43777,-0.00808294
3.23638,-0.00982092
2.57386,-0.0113585
2.38768,0.00294356
1.76597,-0.0159697
3.14929,0.0147706
3.09029,-0.0434111
2.18737,0.039195
2.78953,0.0151606
2.26135,-0.0425959
1.92547,0.0120304
1.90522,0.0322845
2.38158,-0.00657772
2.19402,0.0247342
2.22558,-0.00683365
2.31264,-0.0470126
3.0917,0.0176794
2.49044,-0.00606896
3.17944,0.0471252
3.58376,0.0256169
2.24762,-0.0210576
2.3155,0.0204412
3.78166,-0.00041496
3.19598,0.00714168
2.60618,-0.0436785
2.47866,0.0369691
4.48596,-0.00939853
2.80138,-0.0123165
2.59663,0.0283652
2.93313,-0.0112582
1.97816,-0.00940648
2.49328,0.014532
2.81945,0.00867361
2.74531,0.0203106
2.59882,0.0183688
2.5505,-0.0348765
2.86154,0.0212697
2.52445,0.022428
2.06639,-0.0351376
3.04576,0.0792443
3.60418,-0.00262101
2.70464,-0.00932445
2.80939,-0.0515792
1.87898,-0.0196045
2.2383,0.0273228
2.70193,0.0168238
2.60303,0.0297808
2.62112,0.0351302
2.72638,0.054873
2.77011,-0.0669821
2.13202,0.0320434
2.96353,0.0286612
2.6981,-0.0496661
2.74707,0.0576134
3.02722,0.035279
3.44203,-0.00452523
2.28918,0.0389436
1.48492,0.0228962
2.39682,-0.0140077
2.92623,-0.0121627
2.82476,-0.0200771
2.68487,0.0338757
2.4427,-0.0208277
1.58758,-0.00163914
2.58869,0.0675591
2.59694,0.00461837
2.17629,-0.0200397
1.9093,0.00476119
2.49463,0.0131836
2.79261,-0.019175
3.21811,0.00845346
3.29126,0.0368638
2.67024,0.0250746
3.50177,0.00603891
3.13065,0.0256038
2.90974,0.0277641
3.17609,0.0348509
2.17142,-0.0307919
2.23929,0.0107142
2.08245,0.00348714
3.02986,0.0248307
3.06797,0.00234381
2.52349,-0.00786615
2.21592,-0.0596689
3.00428,-0.00428267
2.88193,-0.014741
2.60303,0.0297808
2.05697,-0.0179104
3.19277,0.00254675
2.23364,-0.0305159
2.61868,-0.00149317
2.35769,-0.0373803
3.32776,-0.0152649
2.38863,-0.0214471
2.64689,0.032797
3.20323,0.00770381
3.08305,-0.0205451
2.13757,0.042119
2.34991,-0.00616413
3.40726,0.0302385
2.83442,0.0171412
2.538,-0.0223722
2.82674,-0.0142397
2.33834,-0.0102169
3.5471,0.0388417
3.03668,0.00238464
3.39484,-0.0120259
2.21992,-0.0480431
2.22998,-0.00341589
3.17508,0.0358573
2.4297,-0.00782282
1.96936,0.0228255
2.32915,0.006791
3.12135,-0.027602
2.73267,-0.0139152
2.63559,0.012847
2.22382,0.0496211
2.43388,0.0270595
2.1478,-0.0149883
3.09331,0.0238726
1.66472,0.0305886
2.31885,0.0170855
1.8243,-0.0274299
3.28308,0.0137957
1.45806,-0.0440001
2.89594,-0.0521878
3.22408,-0.00532749
2.3808,0.0176394
3.07202,0.0529766
1.55378,-0.0225294
3.04972,-0.0340903
3.528,0.0188789
3.59187,-0.0293711
3.49833,0.0172984
3.12178,0.0188451
2.65502,0.0090474
3.19801,-0.00269292
2.86135,-0.00197551
2.35571,0.00366649
1.84326,0.0395525
2.42534,-0.00346685
2.31145,-0.00676057
2.42759,-0.0447808
2.63271,0.0235392
2.19608,0.00704025
3.80636,0.0139479
2.80309,-0.0218381
1.75524,-0.0208611
2.11985,-0.010473
2.77591,-0.0259052
1.35408,0.0677951
3.82124,0.0303204
2.52169,0.00955589
2.40825,0.037064
1.79063,-0.0406315
2.26415,-0.0375855
1.82661,0.00151418
2.87212,0.0106921
2.43235,-0.033917
2.48301,-0.0220751
3.12449,-0.0463681
2.97406,-0.0131236
2.62346,-0.0140863
2.93443,-0.0516211
3.59071,-0.0125833
2.36971,-0.0181496
3.21419,-0.011066
3.12441,0.000588192
2.57218,-0.0018653
2.52443,0.00681954
2.50474,0.0265114
1.86299,-0.00361734
3.39313,0.028743
2.54272,-0.0192865
2.71827,0.00828836
2.76852,0.00491505
3.15803,-0.0252173
2.26762,0.0058146
3.19711,-0.00179837
2.55706,-0.0414317
2.84476,-0.0244511
3.33322,-0.0441573
2.91943,0.0336924
2.40566,0.000586896
2.49608,0.0195473
2.15052,-0.01771
2.39793,0.00832335
1.88233,0.00829713
1.80595,-0.0325131
1.82178,-0.0092822
2.50115,-0.00895864
2.73235,0.00202519
2.68666,-0.00697076
2.95456,-0.0170563
2.62601,-0.0088243
3.82568,0.0336942
2.15617,0.00788985
2.87942,-0.0591059
1.85537,-0.0350549
2.12926,-0.027695
2.44511,0.00801555
2.39793,0.0317605
2.00556,-0.0133765
2.99614,0.00385742
3.38461,0.0216355
3.06468,0.0290718
2.33888,-0.0107574
1.79367,-0.00461151
3.29773,0.0303942
2.11252,-0.00314944
2.63837,-0.0211783
2.56987,-0.0620547
2.53945,-0.031639
2.16085,0.0188353
2.90223,-0.0116068
2.09082,-0.0283221
2.35259,0.00678266
1.91455,-0.00829919
2.99843,0.00938071
2.94598,0.0227703
2.83046,0.021104
3.58407,0.0174953
2.24619,-0.0352544
2.49484,-0.0182814
2.2984,-0.0484027
3.68965,-0.0021537
3.64399,-0.00336126
3.13919,-0.022001
2.74684,-0.0124681
1.72383,0.0574152
3.33296,-0.0204646
3.49908,-0.0147081
2.15358,0.041735
3.39621,-0.0212055
2.95517,-0.0489204
2.25217,0.00564644
3.09506,-0.00911932
1.87086,-0.0505452
3.1905,0.00481201
2.18329,0.027647
2.29609,0.0320336
2.01638,-0.0320027
2.8341,-0.00597074
2.46667,0.0333254
2.12378,0.0168493
3.36695,-0.0232013
2.1378,0.0106345
2.87389,-0.0301411
2.46963,0.0381808
2.64725,0.001183
2.86256,-0.0344352
3.91537,-0.0403723
2.53627,0.0106066
2.27341,0.0547108
3.00372,-0.00371828
3.02033,-0.0437648
2.1475,0.0321856
2.27189,0.0171676
2.0327,0.00635818
2.14537,0.0108789
2.39429,0.00414616
2.93901,-0.00151293
2.01202,0.0192348
2.96592,0.0106398
2.2296,0.0516546
2.94897,0.0197821
2.98333,0.047923
1.7026,-0.00728458
2.91377,-0.0465827
2.8224,-0.00989759
4.15225,-0.0194334
3.19822,0.0127157
2.26741,-0.00960013
3.23374,-0.0384238
2.18291,-0.0344693
2.22281,-0.035311
3.37522,-0.000219004
2.17093,0.0478197
3.06352,-0.0322675
2.40794,0.0139391
3.1185,-0.0481924
2.45557,-0.0336939
2.35382,0.0836823
2.18154,-0.00966515
3.05515,-0.0160882
1.78873,0.00814798
1.84002,-0.0587652
3.07069,-0.0316262
2.67813,-0.0140639
2.78306,-0.00181059
3.02967,-0.0140487
2.70864,0.049172
2.37697,0.0292758
2.94105,-0.00355488
1.92992,-0.00804582
3.47409,-0.00534423
2.40731,-0.00887507
3.25322,0.0280282
3.06568,0.0124444
2.17172,0.000158557
1.95728,0.0192802
2.07787,-0.0231849
2.73321,-0.0222684
2.54703,-0.0314031
1.96985,0.0223385
1.9717,-0.0341979
3.15388,0.0179965
3.18337,-0.00368631
2.55706,-0.0101835
2.13006,0.0340017
2.30066,-0.0506609
2.69016,0.0285856
3.10956,0.00762517
2.01291,-0.00509338
2.28125,-0.00781167
2.72193,-0.0422418
1.84084,0.0107243
2.96791,-0.00697506
2.06045,-0.0213899
2.58474,-0.0222377
4.23211,0.0413294
2.64861,-0.0314245
3.42232,-0.0238782
1.97179,0.00477279
3.57393,0.0276364
2.66902,-0.00495893
2.86999,-0.00279755
1.76809,0.0209715
2.4209,-0.0302799
3.10142,0.0157655
2.78714,0.00973788
2.95537,-0.0569331
1.99615,-0.0117763
2.26977,0.0192889
2.51933,-0.0349505
2.70587,-0.010556
2.28975,0.0696243
1.99924,-0.0148633
2.93165,0.00585489
3.69667,0.014268
2.95909,0.00965573
2.85427,-0.026141
2.55774,-0.00305317
3.52874,0.0181313
3.24068,0.00932038
2.44712,-0.0486845
2.46404,-0.00310466
2.55465,0.0469118
2.70902,-0.0215194
2.44201,0.0345558
2.94738,-0.017689
2.52081,-0.0442484
2.06721,0.02654
2.12939,0.0737387
2.51019,0.00543263
1.93312,0.0278129
2.89834,-0.0233376
2.87687,0.00594015
3.11303,-0.0192806
2.73309,0.0169118
3.56143,-0.0458071
2.36767,0.0385822
2.45912,-0.0138063
2.97716,0.0228434
2.39319,-0.0181928
2.18405,0.0268838
2.62237,-0.0129994
2.0627,0.0154211
2.975,0.00156726
2.70367,0.0307067
2.87945,-0.00445341
2.9166,-0.0181662
3.32279,-0.0024762
2.42738,0.0101246
3.74103,0.0402217
2.65683,-0.0318349
3.33098,0.00495849
2.5628,0.0231381
2.00457,0.00324017
1.81358,0.0379872
3.13797,0.0417208
2.60535,-0.0116047
2.50344,0.0121878
2.63221,0.00841499
2.48186,0.0181396
2.08062,0.00531374
2.06843,-0.00593128
2.63494,-0.00993931
1.90259,0.0114706
3.97715,-0.00840139
2.40822,-0.0097837
2.64482,0.0348714
2.29137,-0.0179313
4.13877,0.040913
1.93563,-0.0215648
2.21933,-0.0083925
2.53546,0.034855
1.98147,0.0185319
2.94581,-0.0551858
2.87728,0.0211582
2.38706,0.0582568
2.5265,-0.0108789
2.5662,-0.019324
2.51614,-0.0317625
2.24229,0.00770677
3.43776,-0.0315135
2.44091,-0.011222
3.07129,-0.00878511
1.70966,-0.0065334
1.96689,-0.0528242
2.55549,0.0382613
2.73298,-0.0454764
3.82548,-0.0364133
3.55166,-0.0126019
2.49116,-0.0146004
1.59831,-0.0123697
3.24157,0.0553021
2.35022,-0.0377164
2.18882,0.0221149
3.26728,-0.00946662
2.58998,0.019393
2.85824,-0.00667275
1.61768,-0.0239342
2.81045,0.0332973
1.73625,-0.0174996
3.22735,0.0382767
3.6889,-0.0638961
1.84466,0.0850265
2.97752,-0.00095683
2.28536,-0.0353616
2.37877,0.043108
2.52598,-0.0181704
2.91624,0.0134435
2.67915,0.0161581
2.42386,-0.00198714
2.58705,0.0145081
2.66996,-0.0137063
2.23345,0.0243667
2.14801,-0.00738552
2.04225,0.0515037
2.13799,0.0104498
2.45193,-0.0144314
1.60674,-0.0129905
2.86282,-0.0190744
2.87511,-0.00792332
3.17589,-0.00401549
2.28923,0.00764731
3.33844,0.0131223
2.25803,-0.00803299
1.80697,0.0211567
3.17688,0.0106228
3.42824,-0.00636651
2.94451,0.0398668
2.63429,-0.0249186
2.46068,-0.0231779
2.9737,0.0106745
1.89938,-0.0478154
2.13471,-0.0253358
2.65199,-0.00354865
2.76158,-0.0115757
2.41765,-0.00358533
3.33661,0.014954
3.05061,-0.0115477
3.22537,-0.0378693
2.10386,-0.033545
2.25346,0.0356003
1.85521,-0.0348981
1.52278,-0.0305903
2.53734,-0.0373437
2.38291,0.00771342
1.99257,0.00742913
1.8972,-0.0143827
3.04358,-0.00451568
2.47666,-0.00790767
2.81303,-0.000530052
3.73321,-0.0144619
3.20713,0.00381237
2.70441,-0.0247197
3.12725,0.0211851
2.362,-0.0260664
2.56244,5.51211e-05
2.47113,0.0210573
2.68363,-0.0117554
2.40802,-0.0095799
2.09432,0.054118
2.54531,-0.0374956
2.67346,-0.0172075
2.58909,-0.026589
2.45795,0.0186145
2.25636,0.0327062
2.68029,0.022832
2.51445,0.0324282
3.63318,-0.0159959
3.25364,-0.00364361
1.98155,-0.0362413
1.87858,0.00423233
2.63265,0.0157826
2.04605,-0.0147951
2.58358,-0.044514
2.67476,0.0361806
3.15835,-0.0255418
2.58455,0.0248264
2.98747,0.0359688
2.21868,-0.0155545
2.53601,-0.0125722
2.5162,-0.0396422
2.89954,0.0145253
3.10126,-0.0309451
2.03975,0.0383754
2.42557,0.0197466
2.2395,-0.0129342
3.02974,0.0249457
2.98487,-0.0161234
3.45829,0.0338986
1.82751,0.00842831
2.30013,0.0123694
2.04716,0.00752364
3.40391,-0.0601632
1.929,-0.030562
2.01987,0.0348174
2.04327,-0.00420412
2.4451,0.00802547
2.0207,-0.0050782
2.91523,-0.0558554
2.13337,-0.0552457
3.28799,0.0166945
2.96206,0.0145057
3.09515,-0.00140435
3.41836,-0.0121089
2.26622,0.00721442
1.75089,0.0147308
2.28799,0.0245095
3.05032,-0.00344828
2.17547,-0.0192174
2.09838,0.00318536
3.8165,-0.00399988
2.59433,-0.0240195
3.22843,-0.00967518
2.59536,0.0140188
2.29357,-0.0435716
4.90983,-0.034827
2.39692,-0.00629474
2.98324,-0.0457448
3.10894,0.00825213
2.30963,0.0341242
3.3426,-0.00666636
3.87767,0.0129507
1.98682,-0.0180688
2.34675,0.0126226
2.46906,-0.000312207
2.96853,-0.00759408
2.68564,-0.0528296
2.03885,0.00802766
2.75994,0.00568067
2.32761,0.00832533
3.65712,-0.000874932
2.42598,0.0193323
2.79185,0.0206541
1.99602,0.0196077
2.46835,0.00040036
2.93315,0.00435486
3.11449,0.00269882
2.63419,0.022058
2.93267,0.0438906
2.55799,-0.00330018
3.11338,0.00380711
2.75452,-0.0279559
2.84866,-0.020532
1.98758,0.00460468
1.89655,-0.021554
1.55641,-0.00953921
2.6246,0.0316511
3.45392,0.030459
3.40615,-0.0155251
5.11899,0.00601328
1.78101,-0.0388177
3.12075,-0.0348103
1.93432,0.0109961
2.89588,-0.0208757
2.28109,-0.0545302
1.90836,0.0135186
3.09425,-0.023934
2.61493,-0.00555941
2.30881,0.034944
2.8937,0.0125456
3.09847,-0.00471682
2.18352,0.0352338
2.86134,-0.0410291
3.36657,0.016242
3.11845,0.0143618
3.5428,0.0509453
1.88328,-0.0473473
2.21867,-0.00772916
2.16821,-0.0432052
3.33242,-0.0121078
2.64384,0.0592872
2.91802,0.0116638
2.49224,0.0546307
2.2702,-0.0436413
3.79376,-0.0203205
3.10765,0.00953974
3.58666,0.0461526
2.24254,-0.00035636
2.78332,-0.0176905
2.70651,0.00442617
1.54339,-0.0277682
2.11583,-0.00645239
2.54843,0.0375102
1.9145,-0.0160671
2.917,0.00487115
3.58891,0.00483591
2.13378,0.0302838
2.71507,0.011489
3.65971,-0.0268994
3.20258,0.0317973
3.78859,0.00828369
2.16509,-0.00883616
2.37375,-0.022183
2.8582,0.0636707
2.56593,-0.0190552
2.48246,0.00972776
2.96056,0.0472556
2.99031,0.0253137
2.57737,-0.0148675
2.57337,0.0516304
2.66535,0.0221548
2.86322,0.0195891
1.589,-0.0108724
1.6166,-0.00722966
2.54968,-0.0418698
2.92482,0.00486666
3.9999,-0.00771059
2.00815,0.00747148
2.40215,0.0197286
1.43697,0.0239647
2.72916,0.00521054
2.38058,0.00223481
2.46665,-0.0057125
2.34471,-0.000964591
2.74858,-0.00639387
3.01814,-0.0103297
2.97386,0.0261436
2.58119,-0.0577536
2.84459,-0.0477156
2.82302,-0.0495786
2.45774,0.0031993
2.66508,-0.00883047
2.26341,0.00221258
3.15436,0.0175144
3.40645,0.0076104
2.68238,-0.0105057
2.87379,-0.0300361
2.4097,-0.0346976
2.78787,0.0402519
2.3275,0.0318791
2.40064,0.00560731
2.82853,-0.00040993
2.77494,0.00631253
2.17521,0.00447302
2.07707,0.0244883
2.66939,0.0337365
2.74778,0.0100323
3.55466,0.0469042
2.88238,-0.0230047
2.53502,0.0274822
1.86054,0.00664781
3.0756,0.0103378
2.53481,-0.0269925
2.33189,0.0196736
1.83714,-0.0246408
2.94137,0.0351918
3.32624,-0.0215486
2.40084,0.00540897
2.8321,0.0350906
3.74234,0.00765784
2.53524,-0.019611
3.49996,-0.0702685
3.42995,0.0309863
4.37599,0.0224443
2.90557,-0.0149465
2.27918,0.025507
3.0931,0.00846013
2.74567,0.027772
2.94278,-0.0130877
1.67322,0.0142849
2.16837,-0.0199312
2.18957,0.0135527
3.02556,0.0369427
2.77148,0.0175829
2.10858,-0.0226458
2.02414,-0.000697959
2.43705,0.000448719
2.33122,0.0281531
2.35949,0.00769572
2.21926,0.00730176
2.41526,0.0066106
2.26857,0.0126827
3.26128,0.0277866
2.19908,0.00404095
2.66852,-0.0278975
2.1859,0.0484777
4.12397,0.0322777
2.46851,0.015861
2.36353,0.00366009
2.64066,0.0234041
3.19099,0.0199431
2.66653,-0.0180877
2.30567,-0.0244172
2.60305,-0.00148713
3.65916,-0.0185354
3.30466,0.0156505
2.94877,0.00435893
2.69631,0.0146267
2.78813,0.0243736
2.52711,0.0119567
2.59607,0.00549414
3.1995,0.0036288
2.48663,-0.00225972
2.28713,-0.0136954
2.38085,-0.0214789
2.21243,-0.00149122
3.15659,0.00746996
2.84525,0.00631314
2.33917,0.0905171
2.87766,0.0285885
3.15051,0.0135539
4.00243,0.0131921
2.36985,-0.0182851
2.1984,-0.0499664
2.26298,0.0495155
2.58283,0.0421681
2.52698,-0.0582291
3.00593,0.0331329
2.56759,0.0730354
2.42621,0.0347291
2.44546,0.00766845
3.44123,0.00408725
2.94398,-0.0377307
2.61729,-0.000106807
2.14833,-0.0155132
2.70519,-0.00206341
1.998,-0.0292471
2.68375,0.00374986
2.12936,-0.0121756
2.28373,-0.0181003
3.12689,0.0449897
2.70454,-0.00141925
2.70701,-0.0351304
2.64002,0.0162284
2.62303,-0.00584515
2.06601,0.0121122
4.20475,0.0139978
2.0892,-0.0110732
2.62897,0.0194649
2.83149,-0.0111775
2.62943,-0.0200528
3.2316,-0.005034
2.70448,-0.0326056
3.19919,0.0273691
2.49753,0.0180924
2.17407,-0.0100104
1.97607,-0.0229491
3.62432,0.0709924
3.30495,0.0075525
2.78602,-0.0438316
2.11446,-0.00508747
2.12626,0.0456161
2.92003,-0.0215926
2.94837,-0.0577449
2.03797,-0.00672486
3.44618,0.0460118
3.22465,0.0409793
1.99079,-0.0611022
2.5767,0.0248654
2.23697,-0.0416564
3.29582,0.0323052
2.5273,0.00394981
2.94579,-0.000474113
3.28878,-0.0544003
2.17119,0.000682412
3.88741,0.0266554
2.2759,-0.025902
2.88052,0.0179201
2.56315,0.0306003
1.91085,0.0422785
1.64312,0.00531561
2.59331,-0.0542496
3.19777,-0.0102707
3.50267,0.0442049
1.8542,-0.033883
2.24518,-0.0576813
2.28895,0.00792416
2.73666,-0.0100928
4.10291,0.014273
3.45549,-0.0258074
3.30089,-0.019641
2.74446,0.013353
3.26938,0.01187
2.80948,-0.00478933
2.80547,-0.0320373
3.30118,0.0425696
2.83797,-0.0176577
3.53975,-0.00850208
3.08186,-0.0193625
2.52946,-0.0216479
1.99087,-0.00649235
3.09311,-0.0306139
2.64956,-0.00893023
3.44096,0.0199806
2.40801,-0.0173826
2.22134,0.00521949
1.64404,0.0122068
3.03393,0.00512778
1.64726,0.0246127
2.49699,-0.0204324
3.86712,-0.00774248
4.11169,0.0523708
2.1376,-0.0125977
3.31069,0.00181445
2.97337,0.0344462
2.35103,0.0786564
2.86697,0.00802685
2.37187,-0.0124987
2.47719,-0.000630832
2.05239,0.0413554
2.94544,-0.00794005
2.97895,0.0132422
2.63381,-0.016621
1.52514,0.0451768
2.50787,0.0390045
2.25769,-0.00768739
3.11322,0.0195945
2.14346,-0.0340818
1.95408,-0.00876881
2.65325,0.0108111
2.53036,-0.0303578
3.28005,0.0168249
2.80402,0.0162958
3.40324,0.0186384
2.60856,0.000816739
3.07809,0.039096
2.38177,0.00104149
2.91258,0.0561687
2.98267,-0.00610661
2.46706,0.0251255
2.06722,0.0343469
2.39238,-0.00956341
2.67406,0.0134379
3.13942,-0.0144247
3.01719,-0.0171875
2.71148,-0.0239842
3.10061,0.01658
2.56008,0.0649246
2.52613,-0.0261329
2.61491,0.0335293
2.33564,0.0159219
3.80466,-0.00778409
3.7536,-0.0504794
1.71297,-0.00984603
2.69953,0.0270323
1.92145,0.00823847
1.93884,-0.0013385
2.79857,-0.0173223
2.33525,0.00849616
2.69365,0.0251001
2.14106,-0.0238677
2.45342,0.0231402
3.45306,0.0234985
2.24214,-0.0155818
1.81233,0.000171197
2.73305,0.00132793
2.49391,0.00609385
1.93019,-0.0317547
2.37424,0.0241963
2.98373,-0.0149846
3.24133,0.00866509
2.77713,0.0431805
2.97876,0.0212438
1.95406,0.0303175
1.98937,0.00281721
2.25311,0.0125189
2.30795,0.00455281
2.64278,0.0369099
2.43656,-0.0303123
2.44209,0.011034
2.45827,0.0104751
3.11611,0.032327
3.08943,-0.0191168
2.23835,-0.0196038
3.06336,-0.00867508
2.71385,-0.0107249
2.58281,0.0421881
2.33832,0.013241
3.39721,-0.0143992
2.04754,-0.0241038
1.95876,0.0412362
3.00358,-0.00358316
3.16746,-0.00339998
2.44317,0.00214257
2.91377,-0.00752125
2.67868,-0.0458703
2.6822,-0.0728273
2.11681,0.0316245
2.42258,-0.0319544
3.19898,0.00414307
1.95432,0.0222418
1.9567,-0.0113863
2.61757,0.0230541
2.44692,0.0296417
3.17869,0.00100223
2.50437,-0.0121818
3.22549,0.0401374
2.89898,0.0463293
3.10258,-0.016646
2.6302,-0.0286356
2.11609,-0.0145317
2.66861,0.011075
1.5792,0.0223592
1.91384,0.0627256
2.61443,-0.005054
2.65712,-0.0164922
3.14124,-0.000610351
2.34511,0.0142687
2.04087,-0.00181191
2.19729,0.0370836
2.07891,0.00702404
2.36653,-0.0071567
2.52837,-0.0205551
3.59555,-0.00179541
2.50596,0.0174778
1.97717,-0.0162351
3.05924,0.0423273
2.00525,0.00256696
2.77249,-0.0381115
1.80653,0.0294027
3.17779,-0.0137276
3.06537,-0.0106859
2.95584,0.0129136
2.65689,-0.000640278
3.29117,-0.017733
1.7655,0.0235612
2.61192,-0.0259856
3.37902,0.0194186
2.20167,-0.021982
2.13425,-0.0561238
3.62095,0.0352953
3.67854,0.0167734
2.92986,-0.000171849
2.65641,-0.023599
2.24053,0.00947113
3.31841,-0.0215332
2.93592,-0.0140479
2.169,-0.0596278
3.55602,-0.0404
2.55056,0.0197488
1.76434,-0.0455875
2.24034,0.0565384
1.61528,0.0253495
2.42048,0.00920965
2.69049,-0.0186143
2.71897,0.00759616
3.10343,0.045005
2.16705,0.0282599
1.77868,-0.0364965
2.35464,-0.0187026
2.34143,0.00232216
1.78299,-0.00173574
2.94176,0.0113661
2.87784,-0.0184683
1.99479,-0.0494792
3.01343,-0.0368642
3.73615,-0.0173985
2.70736,-0.0667364
3.01137,0.00425846
2.13182,0.0400518
2.61709,-0.0311516
2.36103,-0.0329067
2.5818,-0.00367498
2.13897,0.0250914
2.80742,0.0519597
3.71128,0.0230957
2.75459,-0.00458846
2.43157,0.02156
2.39387,-0.0188709
3.19017,-0.00266605
3.19183,0.0112903
1.92772,0.0488401
2.02101,-0.0131944
2.7659,-0.0237165
2.80309,-0.037462
3.64509,0.0111576
2.7875,-0.0296855
2.60682,0.041621
3.0584,-0.0349585
1.16201,-0.0213808
2.04169,0.0208143
2.55445,0.000237453
2.12866,0.0354043
2.85434,-0.0340318
2.65131,0.0440012
2.04854,0.0374024
2.58233,0.0270411
3.3174,0.00291022
2.92855,0.00895326
3.21684,0.00190642
3.12916,-0.0275994
2.67234,0.030789
2.27507,0.00618357
3.43316,-0.0112858
2.25278,0.01284
2.1538,-0.00536244
2.82041,-0.0235347
1.92066,0.032463
2.62974,0.00306792
1.48922,-0.0751568
1.7454,-0.0110228
3.53285,0.0374626
3.14393,-0.00330012
2.76806,-0.0258745
2.97035,-0.0172222
2.75357,0.0120582
3.18035,0.00714619
3.3459,-0.00215029
1.76695,-0.016955
3.26501,0.0318646
2.61266,0.0123429
2.00353,-0.0191587
2.56971,0.00841306
2.03663,0.0258741
2.20902,0.0175411
2.00102,0.00678939
2.64339,0.0206713
2.1774,0.0335354
3.40415,0.00210131
2.09863,-0.00487711
3.02882,0.0258722
2.43607,0.0170555
2.49495,-0.0340147
3.39608,0.0023585
3.86992,0.0441456
2.48844,-0.0431316
2.31172,0.00859616
2.42356,-0.0173057
3.40191,-0.0190968
2.8753,-0.00811658
2.81129,0.00120704
2.29286,0.0118243
2.45078,0.0101557
2.74221,0.0468573
3.46249,0.0296929
3.07639,0.040797
3.03638,0.0339356
2.32874,0.0384508
2.95967,-0.0143598
2.78354,-0.0257312
1.47975,0.0124342
2.18944,0.0214961
2.74899,-0.0224265
2.47046,-0.032962
2.28423,-0.0264165
2.32602,0.0177274
3.61275,0.0122502
3.18516,-0.00547682
2.16907,0.0184342
1.73482,0.03081
1.98746,-0.00308581
2.06091,0.00939989
3.64285,-0.0100399
1.86021,-0.0320808
3.37441,0.0162104
3.00809,-0.015904
3.17849,0.00901235
2.35511,0.0120807
2.31775,0.00255753
3.17711,-0.0208563
2.24699,-0.0126164
2.08456,-0.0845609
2.19977,0.0189829
2.53502,0.0274822
2.1331,-0.000288516
3.08673,0.0460796
2.93841,-0.024351
2.56362,0.0223189
1.59608,0.00547769
1.79558,-0.00651475
2.96043,-0.0307472
3.18925,0.013877
2.71683,0.0019159
2.72786,-0.0794198
2.69495,0.000358602
1.93435,0.00315185
3.36239,-0.00301201
2.17451,-0.00263944
3.24817,-0.00598612
2.58912,0.0124471
1.95428,-0.00115692
2.20466,-0.0327807
2.81479,-0.0413489
2.6595,-0.0266871
3.36722,-0.0234673
3.04249,-0.0268615
1.94124,-0.00373653
2.54378,-0.05159
2.60994,-0.00837664
2.93251,0.051866
3.52334,0.00790505
2.07844,0.0231195
3.21147,-0.0161538
3.25169,0.00612358
2.60408,0.00529689
2.38837,-0.00555636
3.44571,0.0464769
1.75105,0.0223909
2.75299,-0.0107994
2.7802,0.0244827
3.30802,0.0201014
2.29964,0.0128641
2.81052,0.0176052
2.35748,-0.02154
3.53409,-0.0419009
3.22283,0.0115407
2.14726,-0.0222551
2.10631,0.0108786
2.73941,-0.0128436
2.48909,0.0265394
3.46086,0.0235198
1.9289,0.000785606
1.98408,-0.0465777
2.60447,-0.0341602
3.73351,-0.00694881
2.91629,-0.0256661
2.77643,0.0204449
2.33406,-0.00593219
3.35225,-0.0241247
2.27704,-0.00360528
3.08244,0.0191244
2.45113,-0.0526953
1.86936,0.00564303
3.207,0.0195663
3.51953,-0.00390094
2.46804,-0.0461641
2.49925,-0.0226848
4.62601,0.0536765
2.28465,0.0122246
2.60143,0.0157596
3.13453,0.00609632
2.83179,-0.0114824
2.8348,-0.00667165
2.90064,0.00560521
2.38124,0.0328267
2.20911,-0.0216125
2.57441,-0.0119081
3.06325,-0.0398096
2.29585,0.0244603
2.8712,0.011611
2.55198,0.0261485
2.13961,0.0478945
2.61175,-0.0101852
1.70318,-0.0234908
3.55967,-0.028423
2.26857,0.0361143
3.59085,-0.0049084
2.063,-0.0239353
2.98545,-0.0167026
3.11267,-0.00329721
1.81401,-0.0015125
2.62677,0.00604465
1.66029,0.0272119
2.99636,0.0270819
2.65945,-0.00319772
2.05795,0.00455282
2.49757,0.0180569
2.65631,0.0233817
3.0851,0.0242724
2.21906,0.0231244
3.56352,-0.0400806
2.98641,-0.017661
3.17934,-0.0230923
3.35022,-0.00647101
2.25891,-0.0479738
2.29866,-0.0330356
1.95141,0.0407818
2.74031,0.00968929
1.89616,-0.0211598
2.35989,-0.0161396
2.98998,0.0256421
3.58229,-0.0276008
2.40297,0.0267138
1.15094,-0.0259407
2.77396,-0.0161446
2.29013,-0.0557539
2.73084,-0.0277174
3.50371,-0.0115225
2.78027,0.0244139
2.3056,-0.0165359
1.93965,0.0525377
1.98775,0.0200673
3.29802,-0.0402029
2.93238,-0.0261342
4.28967,-0.000609968
2.82514,-0.0438943
2.89955,0.0145166
2.60959,-0.000217104
2.79265,0.0120335
2.77076,0.0339283
2.37709,-0.0333419
2.52013,0.0111244
2.15968,-0.0112379
3.32409,0.0118468
2.10239,-0.000822827
2.3349,0.0166648
2.54862,-0.0329983
2.25232,-0.0179408
1.48067,-0.00410863
2.0273,-0.0116786
3.01853,0.0127223
2.17869,0.0244321
2.64053,9.56956e-05
2.21334,-0.00240359
3.59078,-0.00484194
2.10302,0.0297968
2.43741,0.031339
3.06204,-0.00735698
2.88354,-0.0163512
2.46794,0.0242452
2.08741,0.00634269
2.29607,-0.0148155
3.18177,0.00572996
2.9746,0.0410272
2.08973,0.0196409
2.81558,-0.0187027
2.58669,0.0226853
2.75413,-0.0119385
2.56644,-0.0351874
2.71423,0.035775
3.02425,0.00699741
1.87211,0.0263293
2.62885,-0.00385418
2.48696,0.0520996
3.09167,-0.044795
2.30329,0.0326472
1.63346,-0.0240888
2.92045,-0.00638452
2.70188,-0.0143816
2.71321,-0.0257137
2.75355,0.0433259
2.65263,0.0192473
2.06517,-0.0104834
3.31722,-0.0047173
3.41451,-0.000443274
3.38827,-0.021084
1.6951,0.03146
2.60527,-0.0583967
2.28423,-0.0264165
1.68809,0.0306608
2.06533,-0.0262648
1.99749,0.0181349
4.53374,0.0443872
3.1269,-0.0331506
2.50894,-0.00894152
2.86782,-0.0240665
2.33349,-0.0209884
3.41554,0.0532103
2.6878,0.0231325
2.93781,-0.00811906
2.16196,-0.0291457
2.50989,0.0291682
3.30519,-0.00831258
2.4588,-0.0369297
3.69482,0.0161209
3.01286,-0.0362959
2.46875,0.0234421
2.8811,0.0563985
2.71043,-0.0541767
3.0781,-0.031226
2.80862,-0.0429949
2.83346,-0.0053376
2.33055,0.0444491
1.65581,-0.0229926
2.7486,-0.00641229
3.24221,-0.0625196
2.62945,0.0189906
2.10967,-0.000293991
2.41041,0.00365217
2.86199,0.0364426
2.39951,-0.00107363
2.47965,0.00472338
3.10696,0.00241651
2.07901,-0.0086945
1.66512,-0.0010608
2.7911,0.0214005
2.86584,-0.0220891
3.10161,-0.0391076
2.77311,0.000326405
3.05848,-0.0506648
3.41778,0.00409246
3.07388,0.0198743
3.47787,-0.00912068
2.66812,0.0115639
3.13311,0.00751901
2.72055,-0.0252391
2.95946,0.0171034
2.36376,0.00342979
2.72635,0.0158366
2.78352,-0.00227142
2.22787,-0.0247498
1.95625,0.0124996
2.9715,-0.0340008
2.21482,0.0117399
3.22471,-0.0137696
2.42295,0.0223606
1.82316,-0.00284481
2.45063,0.0337457
2.53104,0.0236436
2.65532,-0.0225091
2.38374,0.0146962
2.86436,0.018451
2.05279,-0.00591329
2.04909,0.00559582
2.98132,0.026493
2.37853,-0.0582207
3.25905,-0.0168618
2.48838,0.003806
2.60513,-0.0426261
2.22833,-0.00958161
3.27755,0.0115101
2.77643,0.0204449
3.76612,-0.00049137
2.93048,0.0148361
2.22847,0.0137129
2.03339,-0.0724573
2.359,0.000376777
2.52546,0.02923
2.74135,-0.0304146
2.22359,-0.0439055
2.27,-0.0121874
2.23458,0.0310413
2.28414,0.043982
2.66299,-0.0379914
2.55941,0.0187127
2.16431,0.0310019
2.57998,0.0293997
2.6294,0.00341613
2.4526,-0.0229075
3.09764,-0.0195135
2.1854,0.0333486
2.90012,-0.0173113
2.68567,-0.0137957
3.02013,0.00330879
2.13486,-0.025485
3.16925,0.0338741
2.37188,0.0109345
2.19361,-0.0373637
3.27001,-0.00438897
2.55162,0.0577531
2.46886,-0.0157336
2.39394,0.0201233
3.09958,0.0488568
2.57795,-0.0310733
2.66505,0.0224546
3.15448,0.00177443
3.43968,0.0290671
2.352,0.0386232
3.12001,0.0518656
2.93356,-0.0116865
3.05249,-0.0368604
1.96094,0.00781289
2.48989,0.0413584
2.5427,-0.00363498
4.39748,0.000958064
2.8109,-0.00621487
2.60209,0.0150954
2.55131,-0.0122476
3.4495,-0.0120004
3.50411,-0.0119233
2.7564,-0.00639814
3.16224,0.017452
2.68189,-0.033455
2.93557,0.0409975
3.23027,0.0119125
2.29113,-0.00987638
1.99353,-0.0325916
2.82112,-0.0164334
2.41538,-0.0403791
2.41146,0.0650976
2.1833,-0.0114263
2.57099,-0.0241198
2.72705,0.0541962
2.49654,0.0112688
2.80689,-0.00219936
1.76584,0.00759958
2.86004,-0.03191
3.29672,-0.0389083
2.22306,0.0269363
2.45211,0.0322634
2.50456,-0.00455814
2.58918,-0.00323964
2.41874,0.0109461
2.89559,0.0106611
2.56047,0.0176521
3.3072,-0.0181406
2.41954,0.0179642
2.12319,-0.0450678
2.25243,0.0210033
2.45352,-0.0550818
3.09763,-0.0116922
2.04363,-0.0358153
2.66153,0.00253211
2.11992,0.0363268
2.05519,-0.0161317
2.65858,0.00548672
3.57627,-0.00595482
1.98252,0.00966318
2.02847,0.018409
3.11547,0.00952601
2.3436,0.00796662
2.21721,0.00935728
1.64404,0.0122068
3.47577,0.000787845
1.63707,-0.0355028
2.87605,0.0223922
2.8281,0.0390852
2.30866,0.042899
1.97899,0.0444487
1.86589,0.00910733
3.30089,-0.019641
2.04966,-0.00278085
4.08923,0.0279613
4.03146,0.0310441
2.97663,-0.04694
2.82396,0.0197922
1.97377,0.0027904
1.9686,-0.0779723
2.95339,-0.000263484
2.41169,0.0179962
2.33636,0.0464514
2.74578,-0.0192138
2.77287,0.0161948
3.14548,-0.0517314
2.19656,0.0456234
2.1514,0.0595331
3.4362,0.0247371
2.74943,-0.0384894
1.75342,-0.0268612
1.95161,0.0327681
2.39416,0.019898
2.60398,-0.0336708
3.09448,-0.0241711
3.03538,-0.0197561
3.34238,-0.0455021
3.71626,-0.0131314
3.37145,0.0113606
2.59778,-0.0196564
2.02923,0.00983606
2.76542,-0.0544811
2.26529,0.000331547
3.53967,0.0228325
2.96442,0.0199548
2.23794,-0.00356393
2.52567,0.0212001
2.77184,0.0562859
3.37088,-0.0115091
2.00501,-0.0128189
2.58909,-0.026589
3.02907,-0.0134482
1.7545,-0.0513752
2.60956,0.0232485
2.11097,0.0218381
1.6496,-0.00897955
2.37838,0.027869
2.64606,0.00237557
2.80501,-0.0315694
2.26295,0.0104911
2.78145,0.03886
2.9058,0.0160718
1.99936,-0.00717242
2.12452,-0.0151436
2.26125,-0.0112521
2.66529,-0.0324766
1.68325,-0.00356115
2.35194,0.023057
2.22404,0.0103337
2.14634,0.0333469
2.56634,-0.019467
2.38364,0.0616677
3.0352,0.0116781
2.33848,-0.0181706
3.2844,0.0202911
2.72419,-0.0210642
2.55695,-0.0335127
2.63976,-0.0147583
3.56966,-0.0149737
2.03385,0.0208352
3.54545,-0.0376356
2.70419,-0.00106893
2.39159,0.00684999
2.09974,-0.00599277
1.93723,-0.0544179
1.96798,-0.0148575
2.31839,0.00192575
2.39249,-0.00967594
2.46174,0.0304509
2.15074,-0.0179284
2.0511,0.0270223
2.14723,0.00121248
2.47536,0.00901889
1.85018,0.0170124
1.78173,-0.0629826
2.21729,-0.0219779
2.31291,-0.00822393
3.02981,-0.0298121
3.19532,-4.19105e-06
1.39184,0.037844
2.3781,0.0437711
3.51629,0.0227771
2.91195,0.0177327
2.37246,0.0728533
2.0615,-0.0302508
2.3203,1.47003e-05
2.46551,0.00323852
2.64403,-0.0112127
3.10564,0.00373339
2.35076,0.0398645
2.69163,0.0271246
2.19362,0.00950915
1.69993,-0.00461904
2.3729,0.0255361
2.29655,-0.0231141
2.94796,-0.0338932
3.39506,0.0346273
2.08912,-0.0188071
2.37484,-0.00765617
2.92679,0.0497741
2.81644,-0.0351928
3.79293,0.00394441
3.38235,-0.0307873
2.5299,-0.0220836
3.32688,0.0168656
2.12818,-0.00318188
2.80087,0.0663156
1.9289,0.000785606
1.75716,0.000657398
2.79967,0.0753345
2.80819,0.0199322
1.92913,0.0786834
2.87041,-0.0266578
2.71435,0.0356486
2.72546,-0.00671082
2.31255,-0.0313014
2.81182,0.0241208
2.43043,-0.000747334
3.25336,0.0357008
1.96322,-0.0179091
2.99387,-0.0094998
3.01285,-0.0206605
3.09946,-0.0369605
2.86386,0.00332287
3.91987,0.00981678
1.93556,-0.0371192
2.59591,0.013468
3.29967,-0.0106042
2.5761,0.0645245
1.98313,-0.0300057
2.49499,-0.0184263
3.14993,-0.00148909
2.31517,0.0363964
2.2789,-0.0523399
3.9814,0.0264164
2.3974,0.00884624
2.95248,0.0318967
2.50873,0.038142
2.60634,0.0186589
2.55939,0.0421753
2.0092,-0.0170081
2.79031,-0.00906048
2.3102,0.00230266
2.70177,0.0326054
2.731,-0.00443724
2.41771,-0.0192744
2.69153,-0.0352781
2.32702,0.0167294
2.1438,0.0358915
3.14207,-0.00144013
3.05039,-0.00351121
2.58853,0.0286526
2.35256,-0.000993258
2.89435,-0.00372624
2.02142,0.0410827
3.44058,-0.0187029
2.25163,0.00618639
1.17961,0.0547662
2.92172,0.0157829
1.89407,-0.0346991
2.35864,-0.0383226
3.5505,0.0119954
2.50026,0.0231824
1.40961,0.0435149
2.03546,-0.0276477
2.30772,0.0360253
3.63656,0.00406207
2.34219,0.00937601
1.64657,0.025301
3.00588,-0.0449443
3.19082,0.0201137
3.05309,-0.00621048
2.31295,-0.0473254
2.22061,0.0137625
3.26704,0.0376495
2.69449,-0.0148038
3.4847,0.0152987
2.00878,0.0537192
3.25113,-0.00894208
2.49273,-0.000544786
1.8579,-0.0532111
2.12021,-0.0264645
2.43814,0.0227952
3.81572,0.0280321
2.72901,-0.0493212
2.90687,-0.0318717
3.34179,0.0410255
2.36472,0.0259097
2.78539,0.00367442
3.17234,0.00734917
4.01133,0.0355433
2.43338,-0.011505
2.02489,-0.00926889
2.47285,-0.00409914
2.78875,0.00030798
2.74461,0.0366446
2.63261,0.00801026
2.09996,0.0719134
3.00446,0.0111622
2.35745,0.0175455
3.99029,-0.00591138
2.82031,0.0546941
2.40692,0.0540202
3.06401,-0.00932492
3.66879,0.0108944
3.49407,-0.0487592
2.554,0.000686143
2.73289,0.00148348
2.77528,0.0137785
2.64593,-0.0131195
3.10469,-0.0109437
1.98126,-0.0672015
2.95135,0.0330219
2.60772,0.0250877
2.0944,0.00715884
2.51681,0.0456852
2.69468,0.024068
2.23939,-0.0128258
3.09896,0.00259958
3.47111,-0.0179876
2.02204,0.0248351
2.34544,0.0139308
4.58395,-0.00582043
3.12485,0.0157729
2.26524,0.0160053
2.08638,-0.0473197
2.41491,0.0225948
3.81613,-0.00362547
2.53727,-0.0216408
3.16533,0.00654726
2.02031,0.0343738
2.55475,-0.0469354
3.56292,0.0073928
2.01653,0.00690474
2.60627,0.0421723
2.58428,-0.00615439
2.33651,-0.0318217
3.11449,0.00269882
3.19121,0.0197252
3.5894,-0.0190905
2.65802,0.0685393
3.14855,-0.0157402
2.52719,0.0509337
1.98592,0.00626964
2.38242,0.0238263
2.96896,0.00760254
2.81227,-0.0388305
2.46893,-0.000183942
1.91,-0.011567
2.27602,-0.0416445
2.5615,-0.0224402
2.74149,0.024137
2.94248,0.0340819
2.25389,-0.0117012
2.83816,0.00559151
3.04471,0.00997253
2.14326,0.0442373
2.70502,0.0137277
2.8732,0.0408664
2.77611,0.0207611
2.50695,0.0086757
2.59581,-0.00986925
2.06546,0.0439189
3.23589,0.0141065
3.41334,0.0163487
2.21628,0.0180958
2.96912,0.0152589
2.98271,0.00947557
2.64437,0.0509446
3.55633,-0.017268
2.3977,0.0632366
3.06077,0.0486028
3.51348,0.0412037
3.45263,0.0395529
3.08277,0.0422314
3.38989,0.000735947
2.41053,0.00353587
2.2649,-0.00708531
3.1099,0.0150965
2.74464,0.00536287
2.62236,-0.0754802
3.55072,0.00396723
2.93683,-0.0227667
1.68677,-0.0461437
2.27115,0.00228588
2.12528,-0.0315269
3.57802,0.00791372
2.10931,0.0235066
2.4299,-0.000208765
2.68436,-0.0281071
2.47363,0.0185587
3.13417,-0.00916985
2.36362,-0.0276868
2.62742,0.013205
2.17749,0.0178262
1.83763,0.0139338
3.01323,0.00239335
2.42609,-0.0042125
2.93869,-0.0246295
2.83695,-0.00101653
2.10867,0.0163332
2.42369,-0.0330626
2.25045,0.00736416
3.86126,0.0137357
2.85817,-0.0300445
2.67796,-0.00608609
1.55132,0.0189934
4.00629,0.00933181
2.23573,-0.0247912
2.51007,-0.0335115
3.26254,-0.0125365
2.75827,0.0620447
2.17783,-0.0372038
4.14992,-0.0171115
3.04979,-0.0107318
2.31168,-0.00699214
2.4201,-0.0138464
2.84363,0.00792761
1.85399,-0.0180483
2.74342,-0.0246746
2.79978,0.0127192
2.02572,0.00552954
2.36703,0.0157816
3.02765,0.0192232
2.95495,-0.0174494
3.17366,0.0138412
2.36432,-0.0361991
2.62297,0.00202896
2.9691,0.0152701
2.7442,0.0136109
3.62308,0.0409861
2.65386,-0.0210517
3.69528,-0.0155908
2.26604,-0.0394817
2.68893,0.00637778
3.96013,-0.0226309
2.84728,0.0199113
2.65377,0.00247672
2.4236,0.0373423
2.50168,0.00613543
3.39941,-0.00878162
2.50457,0.0266839
2.12273,0.0413351
3.24937,0.016254
2.7694,0.0040342
3.00521,0.0260437
2.92021,0.0329146
2.54516,0.0173434
2.54575,-0.0144952
2.37911,0.0193253
1.98699,0.00519707
2.18104,0.00645563
2.49185,-0.0621663
2.20305,7.64816e-05
2.45403,-0.000905267
3.49466,0.0365884
3.01254,-0.020352
2.21266,0.00609384
2.66858,0.0032961
2.78112,0.0313792
2.1817,-0.00982907
2.79275,-0.0271234
3.62043,-0.0110526
2.95187,-0.00655888
3.25662,0.00900688
3.26826,-0.0182568
3.37787,-0.0263033
3.40732,-0.040134
2.16552,0.0219808
2.90635,0.00771295
2.92801,0.0329291
2.40073,-0.0413551
2.41009,-0.0350949
2.63879,-0.0450363
2.19877,-0.0112737
2.29514,0.017356
2.52921,0.033292
2.15905,-0.049674
3.88136,-0.00636053
2.31036,0.0021409
2.54276,-0.0271307
3.27076,0.00268208
3.02623,0.0206476
2.73356,-0.00699403
3.47283,-0.0118928
2.07993,0.0138184
2.54949,0.0442624
2.01947,-0.0194671
4.31573,0.00458114
1.95484,0.0061011
2.27206,0.00919478
2.71536,-0.0356713
2.47377,-0.0284605
2.74506,0.0283782
2.52681,0.012256
2.45755,0.0190102
2.04078,-0.0251521
2.73604,0.00614256
2.68285,0.0124581
2.57485,0.0267121
3.6835,0.0118153
2.8196,-0.00709615
2.45337,-0.000249213
2.38127,-0.00626817
3.31131,-0.0144395
2.63718,-0.0278067
2.08553,-0.0308417
2.08133,0.0358603
3.69781,0.0209432
2.30119,0.0425575
2.65664,-0.0316385
2.51712,-0.0249275
2.19709,0.0138499
3.17622,-0.0199733
2.66075,0.00331423
1.73431,-0.0468133
2.02313,-0.0153204
2.47334,-0.0280234
2.23366,0.0397737
2.44955,-0.0198633
2.93229,0.036459
2.23655,0.0134514
2.17085,-0.022417
3.00993,0.0213185
2.03597,0.00309049
2.675,-0.0265656
2.81056,-0.00587402
2.68559,0.0409774
3.25574,0.0411302
3.1535,0.0340027
2.97834,-0.0252198
4.31494,-0.00243531
3.62602,-0.00882974
3.46315,0.0212251
1.94623,-0.0165433
2.39895,0.0463632
2.74539,0.0280483
2.19395,0.0404291
2.50821,-0.0238399
2.84778,-0.0196569
2.19608,0.00704025
2.15358,0.018291
2.71222,0.0221547
1.99936,-0.00717242
2.24358,0.00642188
2.08674,0.0538864
1.69703,0.0373437
2.77406,0.0540616
2.24038,0.0096248
2.98511,-0.00854715
3.57414,-0.00382361
1.44355,0.0330136
2.77834,-0.020523
2.26594,0.0153145
3.3725,0.0103128
2.18206,0.0288824
2.02366,0.0388412
2.11366,0.0347781
2.2467,-0.0123285
1.81918,0.0167552
2.77959,-0.0217738
2.1005,-0.0223776
3.52954,-0.00610291
3.06331,0.0538733
2.59858,-0.0204513
3.01599,0.0386959
2.21201,0.0301745
3.80708,-0.00238926
2.92336,0.0141394
2.64176,-0.0167602
2.96077,0.031415
2.56485,-0.0414135
2.44318,0.00213369
2.41725,0.0124362
1.86237,0.0360645
3.15474,0.0249524
1.99396,-0.0173999
2.59382,-0.00788139
2.28839,-0.00714186
2.63523,-0.010227
2.03742,0.00945195
2.66679,-0.0183558
2.47474,0.0408865
4.44771,0.0210389
2.02396,-0.0317744
3.00191,0.00589795
4.25633,0.032736
2.76097,-0.0187803
1.96325,-0.0570006
2.36276,-0.00338044
3.53446,0.00460029
2.83594,-0.0156243
2.49349,0.00651343
3.04695,-0.0235126
2.03691,0.0177741
2.22651,-0.0311935
1.91029,-0.0196603
2.41058,-0.0199521
3.77462,0.00662626
2.63349,0.00713109
3.63032,0.0493658
2.69895,-0.00364095
1.68347,-0.0272203
4.23865,-0.0199037
3.20078,0.0101561
1.76853,-0.0419692
3.09915,0.0336641
3.51706,0.00637767
3.03155,-0.000303108
3.01092,-0.00310291
1.96361,0.0129553
3.12102,-0.00382869
2.87731,-0.0101196
2.50583,-0.0136427
1.85342,0.0606448
3.65577,-0.0698301
2.2583,0.0620163
2.33796,0.0136074
2.63515,-0.0179656
2.55526,0.030676
2.85972,-0.0159711
2.19206,-0.00455617
1.60427,-0.0027062
2.33398,-0.00585743
3.38687,-0.0118655
3.1241,-0.0381624
2.49126,0.0243664
4.19766,-0.0882817
2.41862,0.0110704
2.94663,0.00649248
2.1405,-0.0155
2.57325,-0.0185643
2.4095,-0.0345028
2.88782,0.0262402
2.71321,-0.0257137
3.60424,0.0207649
3.27941,0.0330866
2.80908,-0.00438807
3.05868,-0.00398841
2.62888,0.0351815
2.02085,0.0260227
2.47444,-0.00569315
3.34896,-0.00520788
2.21083,-0.0233276
1.97348,0.0499606
2.40441,-0.0372218
2.76269,-0.075193
2.51262,-0.0360526
3.66559,-0.0327818
2.31883,-0.0141396
3.40117,-0.00273311
1.8748,0.0236401
3.83848,-0.00254184
2.61555,-0.013989
2.43548,0.00202296
1.88884,0.072101
2.87086,-0.0114804
2.99237,0.0154435
3.28635,-0.036349
2.78395,-0.0105159
2.5144,-0.0065923
4.15175,-0.0189334
4.27694,-0.0269439
1.66213,0.00192825
2.97758,-0.0244565
1.78077,-0.0307698
2.73233,-0.0292029
2.8391,-0.0109734
2.02987,0.0404401
3.21054,0.00039395
2.15921,0.00485484
2.1238,0.00119859
3.29646,0.0394749
2.19258,0.0105453
2.0404,-0.0482125
2.66474,0.0227607
2.51998,-0.0199837
2.88783,-0.00501784
2.55062,0.0431284
2.3637,-0.00432169
2.42852,-0.0222662
2.39027,0.0237929
3.19928,0.0116599
2.5094,-0.00158524
2.33486,-0.0223637
1.80064,0.0118638
2.01289,0.0574213
2.66651,0.0288021
3.73055,-0.0352402
2.71985,0.00670916
2.68438,0.0109363
2.23002,-0.0112666
3.15372,-0.0287192
2.06781,-0.02875
2.66022,0.0194685
2.9936,0.037651
2.47512,0.0248846
2.46214,0.03786
2.46087,-0.0468088
1.75374,-0.0193667
2.7034,0.0231597
2.63035,0.0415283
2.90124,-0.00279968
2.34579,0.029207
4.35405,0.0365747
2.21278,-0.00965682
2.13083,-0.0448952
2.71627,-0.0131482
2.65976,0.0121157
2.28744,0.0172461
2.71361,-0.0495503
2.79583,0.0401071
2.10024,-0.0221197
2.36534,0.0252853
3.31271,0.00759772
1.8098,0.0105125
3.82438,0.0428045
3.19715,0.0216008
2.78012,0.00894517
2.6192,-0.00201518
3.57968,-0.00155948
1.86031,-0.0243718
1.97407,-0.00531808
2.12999,0.0418848
2.95321,0.00772928
2.33553,-0.00740652
2.61406,0.00312764
2.96658,0.0177967
3.32834,0.0232241
3.56143,-0.0458071
2.44723,-0.00973396
2.49352,-0.0169622
2.58419,0.00955728
2.35952,-0.0235848
2.81303,-0.0317846
2.65233,0.0507994
3.39608,0.0023585
3.19051,-0.018633
1.66672,0.00515793
2.33018,0.0291935
2.41039,-0.00414013
2.62806,0.0125672
3.47232,-0.0270094
3.09332,0.0238651
3.08538,-0.0228831
3.19645,-0.00895231
2.61394,0.0110642
2.17832,0.03262
2.46025,-0.0305657
2.6352,0.060113
3.64476,0.0427413
1.55429,0.00820921
1.73761,0.00457744
2.44699,0.0139452
2.69554,0.0466443
2.57792,0.0314511
2.47016,-0.056102
2.61352,-0.00414227
1.8947,-0.0587624
2.64358,-0.00295973
1.69817,0.0283923
1.96124,0.0309474
2.9752,-0.06114
2.66313,-0.00687914
2.27764,-0.00420585
3.55221,0.0259192
1.88158,0.0324789
2.75098,-0.0244136
2.73322,-0.0222833
2.8911,0.0307704
3.29454,0.0257768
3.6581,-0.0252827
2.47273,-0.00398392
3.52528,0.0137785
2.67863,0.00886717
2.73731,-0.0263681
3.29378,0.0265291
2.77879,0.00245544
2.71577,0.026415
2.28542,-0.0197934
2.79335,0.00352511
2.55894,0.0269966
3.51134,0.019908
1.67835,-0.00647351
2.8659,-0.0143339
2.17435,0.0209604
2.35921,0.00797272
3.37331,0.0173102
2.21977,0.0302258
3.65096,0.0365357
2.50551,0.00230438
3.821,-0.0163126
3.36971,-0.0103358
3.70183,0.0169247
1.81935,0.0244021
3.38786,0.0262044
2.94179,-0.0199127
3.11641,-0.0304754
3.13356,0.00706204
3.13814,0.00248026
2.50437,0.0112523
2.64488,-0.0042511
2.33981,0.0586268
2.37484,-0.00765617
2.08448,0.0639608
2.13987,0.0163763
3.44618,0.0225692
2.82244,-0.0255651
2.39793,0.0317605
2.82196,0.00616898
2.97966,-0.018726
2.63792,-0.0129154
2.06446,-0.00977736
3.1079,0.00147204
2.08318,0.0105681
3.14364,0.0126128
2.75388,-0.0195079
1.73582,-0.00925718
1.74238,-0.0236314
2.57603,0.0255365
2.46642,-0.0132941
2.96607,-0.0207573
3.62522,-0.0158449
1.62954,-0.0123537
3.15966,0.0356497
2.38808,-0.00526552
2.39446,-0.00383831
1.80856,-0.0116805
2.65852,-0.00227282
1.92062,0.0325092
2.59513,-0.00919337
2.81472,0.0212126
2.26731,0.0217555
3.12491,-0.0155363
2.84665,-0.00289679
2.30919,-0.0435663
2.28196,-0.0163346
2.65837,-0.0177467
2.69934,0.0194115
2.69619,0.0225642
2.71369,0.0128688
3.07953,-0.0326588
2.2537,0.00411702
3.02912,-0.0213089
4.01544,0.000186667
2.29743,0.0150729
2.32005,0.0315166
2.11522,0.0175896
2.81285,-0.0237913
2.52477,0.0142941
2.99756,0.0180606
2.2537,0.00411702
2.49756,-0.0444384
2.616,0.0168096
3.34676,0.020432
2.75361,-0.0348559
2.12444,0.0161879
2.62708,-0.0098952
3.60864,0.0319836
1.87058,-0.0190224
2.55262,0.00207113
1.9982,-0.00601557
2.73458,-0.0158296
3.6752,0.0201114
2.75654,0.00908218
1.74316,-0.0400382
1.94881,-0.0191256
3.54844,-0.00937411
2.90735,-0.00110286
3.04824,0.00644537
2.7737,-0.0158878
2.01655,-0.00873575
3.00351,-0.0191313
3.12271,-0.00551927
2.89308,0.00536072
2.79045,0.0298579
2.06251,-0.0156301
3.56981,-0.0385565
2.82466,0.0268999
2.19591,-0.000601083
3.37084,-0.00365164
3.12175,0.0110634
3.83065,-0.0415872
1.99876,-0.00657314
2.70743,-0.0277416
3.44718,0.0137546
2.59635,0.00521278
2.21785,0.000900141
3.74942,0.00839463
2.92125,-0.0149986
3.69445,0.0243034
2.5102,-0.0414458
2.34921,-0.0210861
2.96623,0.0493996
2.68724,0.0236996
3.08098,0.0127721
3.41632,-0.00225842
2.45739,-0.0198941
3.7661,-0.0160988
2.3288,-0.0241093
2.56369,-0.0246274
2.10079,-0.0148495
2.36081,-0.00924431
2.55933,-0.0358966
2.99467,-0.0181049
2.51383,0.00179418
2.3054,-0.00852875
1.90918,0.0205087
2.51316,-0.0287802
3.21147,-0.0161538
2.307,0.013311
1.82595,0.00217743
3.16043,0.0192602
2.02381,-0.0316261
1.7888,-0.0231743
3.19949,0.00363222
2.63164,-0.0144517
2.3401,0.00365411
2.56017,-0.0289216
2.82724,-0.0225506
2.14632,0.017744
2.18043,0.0148811
2.89791,0.00833848
2.98121,-0.0202682
2.01887,0.0123773
2.61562,0.0171939
2.03501,0.0587439
3.37464,0.047234
2.87558,-0.00839079
2.36257,-0.0188233
2.867,0.0236285
2.00378,0.027466
2.72222,0.0277753
2.86609,0.00109601
2.71688,-0.0293845
2.42418,0.0289425
2.78195,0.0149218
2.43023,-0.000547218
1.63675,-0.0273777
3.02483,-0.00920983
3.58178,0.01197
3.30631,-0.00943896
3.41378,-0.0153417
2.79574,-0.00667294
2.20221,0.0165448
3.92055,-0.0377415
4.02041,0.0264666
2.54746,-0.0474639
2.06422,0.0217186
2.61442,-0.0206676
2.69449,-0.0148038
2.63482,-0.0566926
2.77422,0.0382768
2.57994,0.00599567
2.58327,-0.0442099
2.51915,-0.0113385
2.60358,0.0292372
3.61069,0.0299359
2.48079,0.0113977
2.19878,0.0121623
2.44387,-0.0063661
2.26908,-0.0034532
1.88995,-0.0149504
2.65983,-0.0504565
1.92376,0.0449882
3.15872,-0.00246789
1.8847,-0.0331342
2.9041,-0.00566506
2.89791,-0.00728671
2.86436,0.018451
2.53811,0.0087625
2.60735,0.0645243
2.70547,-0.0257826
3.58365,-0.0133373
2.7033,0.0154519
3.67534,0.0121581
3.15374,-0.0287437
3.09238,-0.0220639
2.40772,-0.0170982
2.22246,-0.00371393
2.45249,-0.0384291
3.00623,0.0172055
1.70284,0.0159127
2.33891,0.028281
3.03104,0.000212576
2.30664,0.0527311
2.23995,0.0491153
2.21988,0.0144943
3.06035,0.00214592
2.20604,0.0283303
2.07704,0.0323323
2.13057,0.00224583
2.75311,0.0125113
3.7287,0.0134857
2.32699,0.02457
3.38294,0.0311241
3.04228,-0.0110312
2.22688,-0.0628172
2.10492,0.00445292
2.64927,0.00697593
2.78576,0.0189228
3.17011,-0.0138585
2.62016,0.0360852
3.03689,-0.0212602
2.38192,-0.00691975
3.12273,-0.028981
2.98001,-0.0190734
2.25038,-0.00818912
2.43284,-0.0109681
2.6923,-0.0516731
2.30542,0.0148959
3.13975,-0.0303755
2.6131,-0.0349742
2.94657,-0.00906814
2.47092,-0.0256045
2.73423,0.03139
2.32005,-0.00755001
2.58426,-0.0217649
2.20201,0.0245571
2.33508,0.0164809
3.21569,-0.0594357
2.21968,-0.0321849
1.96824,-0.0229275
2.55327,-0.00639884
1.7799,0.0169771
1.73845,0.0271768
2.93161,-0.00192008
3.15015,0.0139175
2.46356,0.0208172
2.06094,-0.029691
2.44329,-0.0292287
2.96165,-0.0475913
2.43532,0.0178044
2.31981,-0.030748
2.27704,0.0276427
2.62707,-0.00988003
2.59979,-0.0529141
2.74042,-0.037293
3.248,0.0332508
3.02129,-0.0447225
2.94496,0.00816188
2.40971,-0.0347101
3.31185,-0.0462266
2.45748,-0.0356056
2.12947,0.00334248
2.5448,0.0489527
2.03476,0.00430508
2.98327,0.0323552
2.54644,-0.0151912
2.08199,0.0117579
2.93107,0.0142444
2.38747,0.0109703
2.95539,0.0133585
2.67752,-0.00564077
3.04685,-0.031225
2.8098,0.0339491
1.70173,0.00921218
2.28856,-0.0698119
2.93097,-0.0481536
2.76506,-0.0150584
2.75259,0.0130368
2.58454,-0.00641411
2.26908,0.0356028
3.01098,0.00464324
2.70605,0.0205109
2.38769,-0.0205056
2.29062,0.00625553
2.59903,-0.0365287
3.91789,0.0117955
2.3525,0.0459339
3.12863,0.0119927
2.84362,-0.04674
4.09265,0.0323451
2.30704,0.0210852
3.8142,0.0217373
2.18154,-0.00966515
3.36072,0.00646654
3.31595,-0.0268854
2.70703,0.0117225
2.2834,0.00566576
2.43973,-0.0178557
2.75438,0.0737452
2.32969,-0.00156929
2.43489,0.0104221
2.76984,0.0192238
2.31314,0.0384182
2.2169,0.00965755
3.85624,-0.0124853
2.11628,0.0321593
2.40792,0.00614184
1.65899,-0.0183646
3.52204,0.00920692
2.76969,-0.0118756
3.01065,0.0206033
2.1475,-0.0303149
2.567,0.0189345
2.68042,0.0383336
2.07349,-0.0578639
3.10576,0.00361696
2.13104,0.0330204
2.73233,-0.0292029
2.58599,-5.53288e-05
2.64712,0.0247599
2.6154,0.0174113
2.26356,0.00206081
2.18093,-0.0168718
2.94408,0.03248
2.10525,0.00412832
2.16652,-0.0180793
2.63974,-0.0225477
2.53998,0.0068974
1.98228,0.0724124
2.72422,-0.0210991
2.38259,0.0314771
3.0177,-0.00989138
2.44454,-0.0148526
3.00018,-0.0392381
2.74593,-0.011558
4.10917,-0.00760886
2.78353,-0.00228287
2.88242,-0.0152296
2.55682,-0.0255714
2.91495,0.0225451
2.11145,0.0135545
2.49615,0.0272847
2.8476,-0.0194719
1.8497,0.00186043
2.94839,-0.0343267
2.43758,-0.00789223
2.80775,-0.0108795
2.48807,-0.0349464
2.24185,0.0159616
2.65334,0.0107213
2.50785,-3.90743e-05
2.22561,-0.0146752
2.73155,-0.0206101
2.65863,-0.00238271
2.86152,0.0369222
2.71934,0.0150378
1.98431,0.0156885
2.5097,-0.0096959
2.47575,0.0398735
2.47084,-0.0177148
2.13549,0.0207579
3.8454,0.00616196
3.1118,0.0210116
1.90447,-0.0216621
2.00944,0.021811
2.05973,-0.0284846
3.42169,0.00018773
2.2733,0.0235787
2.58688,0.0459347
2.15229,-0.035101
2.96595,-0.0284464
2.32733,-0.0148342
2.22782,-0.00125952
3.08719,0.00655944
1.65368,0.0260093
2.2846,-0.0111638
2.44402,0.0403589
3.26946,0.00397542
2.29631,-0.0228736
2.24474,-0.0259929
2.24509,0.00491426
2.56599,0.00432099
3.28214,-0.00870516
3.34531,-0.0171856
3.16619,0.0291246
2.46847,0.0159004
3.04181,0.0128751
2.22883,-0.0178935
2.93254,0.0518303
2.37825,0.0123782
2.93986,-0.0101735
2.38532,-0.0181321
1.90379,-0.0366037
2.83768,0.0295115
1.76698,-0.00135828
2.89523,0.0188373
2.72782,0.0299955
2.45721,0.0506034
2.41068,-0.027872
2.5918,0.00975754
2.3369,-0.000957877
1.92983,0.0311032
1.97097,0.0290323
2.9456,-0.0237272
2.44799,0.00513354
3.06506,0.00524942
2.63204,-0.0148494
3.17589,-0.00401549
2.07225,-0.00193625
2.47407,-0.0131312
3.56505,0.0208871
2.29286,0.0118259
2.87393,-0.0145502
1.89769,0.0319991
1.50071,-0.0397724
2.44722,0.00590823
3.45073,0.080517
2.69946,0.0192945
1.83068,0.00525464
1.77912,-0.00568612
2.89933,-0.0165128
2.52359,-0.0314073
2.55099,0.0193196
2.68821,-0.00851878
3.14082,-0.0392593
2.68972,-0.0100302
2.74494,-0.00275202
3.5598,0.0417587
2.25506,0.00275542
1.74928,0.0163409
2.28068,-0.0228676
2.38747,0.0109712
3.12378,0.00902851
1.57621,0.0409778
1.92699,0.00269951
2.74329,-0.00891766
1.76277,-0.0127668
2.26657,-0.0478175
2.3524,0.030415
3.31202,0.000481153
2.76164,0.0430426
2.2274,-0.000835854
2.77646,-0.0342699
3.01761,-0.0332398
2.51612,0.00732146
3.06349,0.00681776
2.17549,-0.003613
1.94881,-0.0191256
2.50748,0.0237717
2.79994,0.0125557
2.44528,-0.0155933
2.78668,0.057072
2.40379,-0.0131636
2.56556,-0.0108709
3.95628,-0.0109659
2.57033,-0.0234512
3.51348,0.0412037
3.26828,0.028599
2.47711,0.0307071
2.67181,-0.0468125
2.7423,-0.0469899
3.38178,0.0635361
1.70793,-0.0360567
3.17079,0.0088994
2.5203,-0.012492
2.28354,-0.0179159
1.527,-0.0426253
3.45268,0.00825524
2.14832,-0.0311342
2.61472,0.00246976
2.67329,-0.00141058
2.59314,0.000614947
3.01689,0.00654914
3.08379,0.0412132
2.39296,0.0601689
2.84032,0.0190549
1.77217,0.00907977
2.21706,0.0173145
2.23849,0.0271337
2.60695,0.0258601
2.79958,-0.0105132
2.33991,0.0116548
3.18879,-0.00910737
1.93923,0.0217117
2.63316,0.0543441
2.83652,-0.0318349
2.50784,0.0234097
3.54964,-0.0574488
2.61686,-0.0074881
2.48905,-0.0202981
3.58493,-0.0302377
1.48681,-0.00243652
2.07786,0.0315128
3.19082,0.0123025
1.90781,-0.00937291
2.2859,-0.0202796
2.6265,-0.00150107
3.44274,0.00257029
2.84963,0.0253683
3.88411,-0.0169202
2.13817,-0.0287948
2.11526,0.00192377
2.46625,-0.0131248
3.33746,0.0141059
2.10093,0.000630381
2.60408,0.00529689
2.0726,-0.0179102
3.22414,0.0180436
2.0698,-0.0151077
3.12888,0.0195553
2.8169,-0.0434665
2.11969,0.00531397
1.48023,-0.0271052
2.45027,0.0106679
2.61618,-0.0146193
2.93031,-0.00843482
2.45164,0.00148121
2.53227,-0.0478954
2.76171,0.00391595
2.80798,-0.0111076
2.02722,0.0196572
2.10663,0.0574314
2.79547,-0.0454682
2.34295,-0.0304535
3.76931,-0.0114931
2.60689,0.0102959
1.84769,-0.0195687
1.96122,0.0231506
1.99031,-0.0215553
3.01979,-0.0197919
3.10278,0.0144064
2.24557,-0.0190065
2.14337,-0.0574324
2.43351,0.00398581
2.74296,0.00704144
2.04751,-0.000639649
2.74712,-0.0283739
3.00993,0.0213185
2.74899,-0.0380537
2.42441,-0.0415987
2.54124,-0.00998594
3.31752,-0.036268
3.05935,0.02659
2.79003,0.0146571
2.30861,0.0117012
2.96226,-0.0247565
2.63907,0.0171848
1.81424,0.0216976
2.85844,0.0165608
2.36005,-0.0163004
2.74454,0.0210802
2.82172,-0.00140897
4.185,-0.00531474
2.00635,-0.0297883
2.45153,0.0250373
2.75764,-0.00764389
2.78222,-0.040029
1.97225,-0.0347491
3.48807,0.0666203
1.95988,-0.0223823
2.57946,0.00647269
3.20127,0.0252918
3.03393,-0.033927
2.86347,0.00371599
2.3549,-0.0267717
3.2934,-0.00434088
2.43086,0.0066363
3.00454,-0.00453579
2.7782,0.0264836
2.38147,-0.00647154
2.04357,-0.0591995
2.4617,0.014865
2.14729,0.0324014
1.99275,0.0541223
2.66793,0.0273802
2.4744,0.0177837
2.26369,0.017557
2.55973,0.00277468
2.57041,0.0155272
2.33119,-0.0499373
2.87021,-0.0577058
2.50135,-0.00134557
2.62707,0.029177
2.69623,-0.000915766
2.42847,0.02465
3.57003,0.00809222
2.20919,-0.00606449
2.47576,0.0398683
3.53075,-0.0307486
2.22727,-0.0319539
2.34147,0.00227594
2.53668,0.0570684
3.77749,0.050636
2.47886,0.0211397
1.93677,-0.0148913
2.57185,0.0140892
2.31023,0.0491495
3.36255,-0.0266164
2.62399,-0.0302422
2.04262,0.0120631
2.37003,-0.00284014
2.35514,-0.0348323
3.57693,0.0246374
3.00497,0.0575257
2.56288,-0.000378339
1.81684,0.0425302
2.50982,-0.0020081
2.42809,-0.0062196
2.00831,-0.0161256
2.73463,-0.0393225
2.75303,-0.0108429
2.62673,-0.0486064
2.34453,-0.00859685
1.90545,0.00860824
2.2164,-0.0367166
2.49147,0.0163377
2.97948,0.0205183
2.93929,-0.0330397
2.43327,-0.0113926
2.18496,0.0181604
2.05056,0.00412558
2.29063,0.029681
3.72838,0.0294343
1.96629,0.00245755
2.2537,0.00411702
2.50967,0.0372011
2.44385,0.00146451
2.99456,-0.0101864
2.73928,-0.00490174
3.32117,0.0225751
3.10691,-0.0131645
2.84322,-0.00728604
1.82397,-0.0036611
1.65405,0.0100129
3.6057,-0.0197648
3.99658,-0.0590754
2.42935,0.0315919
1.81038,-0.0291303
2.15648,-0.0471001
3.45302,-0.0233371
3.08266,0.00328244
2.10286,-0.0012967
2.88837,-0.06806
2.74085,0.00134042
2.28113,-0.0076881
2.90107,-0.00263257
1.79117,-0.017729
1.35633,-0.0438296
3.27441,0.00683942
2.68261,-0.0029207
3.24734,0.00266256
2.79812,0.0221973
1.98682,-0.0180688
1.57572,0.0414639
4.05119,0.0425562
2.64728,0.00897215
2.28088,0.0238112
2.40113,0.00511822
2.10676,0.0338612
2.44171,0.0114102
2.4376,0.0311501
2.88003,0.0184044
2.40981,0.00425716
2.84715,-0.0034019
2.23018,-0.0192384
1.49243,-0.0158637
2.98257,-0.00600431
1.55734,-0.00265483
2.83099,0.0205758
1.94567,0.00745598
3.22688,0.00749022
2.61804,0.0225869
3.40331,-0.0205023
1.94705,-0.0173651
2.65463,-0.0374411
1.8595,-0.0157518
3.04844,-0.0093757
1.99786,-0.00567128
3.88757,0.04993
2.97071,0.029294
2.84604,0.0133326
2.82868,0.00725956
2.47725,0.0383719
2.40822,-0.048841
2.72384,0.0105368
2.89154,0.0147129
2.42445,-0.0103855
2.20187,0.0246895
2.12723,0.036836
2.63442,-0.00160701
2.79374,0.0421927
3.29489,-0.0214528
1.74133,-0.0460196
2.03885,0.0392758
2.59561,0.0372059
2.65141,0.0204656
3.12603,0.0458446
2.72263,0.0195602
2.5894,-0.00346079
4.09714,-0.0658926
3.28148,0.0232096
3.07117,0.00695785
2.10903,-0.0543474
2.53621,0.0419154
2.56561,-0.0109198
2.77371,0.00754498
2.04386,-0.00479539
3.31291,0.0152198
2.62605,0.0301951
3.18144,0.00606358
2.99525,-0.026498
2.71483,0.0273541
2.57086,-0.000550348
2.75061,0.00720321
2.50296,0.0126669
2.99809,0.017538
2.75857,0.0226775
2.51293,0.00269991
2.44009,0.0520978
2.91671,0.0286046
3.29237,0.0435682
2.49001,-0.00563022
3.2278,0.00657705
2.59009,-0.00415551
3.18107,-0.00919186
3.22105,-0.0257386
2.59203,-0.0217167
2.09052,-0.00457936
2.83658,-0.0318945
1.34227,0.00929457
2.48615,-0.00958753
2.18461,0.00289082
2.65804,-0.0174175
2.55706,-0.0414317
2.10319,-0.0328791
1.60959,-0.00802619
4.13959,0.00884558
3.11254,0.00464533
2.75657,0.00123841
2.29251,-0.00345054
3.52808,-0.0202676
2.65074,0.013327
3.08852,0.0208544
1.745,-0.0731253
2.09935,-0.0212243
2.22251,0.0196736
2.57773,0.0316423
2.01459,0.0322885
2.94956,-0.00424463
2.43355,-0.011676
2.71546,-0.0201462
1.68637,0.0245661
2.26984,0.0504721
3.29835,0.0297771
3.30183,0.0497308
2.71997,0.0144031
2.36724,-5.5943e-05
2.49198,-0.00760811
1.96198,0.0223974
2.49749,0.0103244
2.69743,0.0525655
2.69849,-0.0422408
3.75082,-0.000817676
2.76897,-0.0658479
2.75396,-0.0273988
2.52344,-0.0390695
3.08956,0.0198187
2.63618,-0.0658649
2.07478,0.0424059
2.91981,0.00206691
1.99771,-0.0133369
2.35282,0.00655167
3.00595,-0.0215775
3.1268,-0.0564849
2.70441,-0.0090961
2.59583,-0.0333265
2.43039,0.00710735
2.61496,0.00223002
3.15448,0.00957911
2.43952,-0.0176438
2.47764,-0.0323325
2.51293,0.00269077
2.21782,0.00874445
3.04102,0.0527318
2.43172,-0.0176606
2.32537,0.0183838
2.85434,-0.0184041
2.82089,0.0384814
2.49301,-0.000819436
2.69001,0.00530367
3.30404,-0.0149737
2.54958,-0.00270539
2.13532,-0.00250776
3.30852,0.019602
2.54147,-0.0570935
3.11399,0.0188254
2.0085,-0.0319362
3.2735,-0.0313172
2.99282,-0.0162605
2.38152,-0.029958
2.2231,0.0347143
2.34909,-0.0444058
3.69556,0.0309991
1.97999,0.012201
1.91551,-0.0248812
2.36766,-0.0395304
2.69803,0.0285346
2.43475,-0.0128734
2.71227,-0.00914134
2.83643,-0.00830828
2.50084,0.0304069
3.37409,0.000909521
1.80579,-0.00110494
3.1585,-0.0256882
2.1662,0.0369282
2.577,-0.0457499
2.12882,-0.0663159
2.76484,-0.0382818
2.37438,0.00843722
2.12135,0.0114621
2.98773,0.0513304
1.93079,0.00670778
3.05194,0.0339978
3.43151,-0.00182305
2.00538,0.0414977
2.93523,0.0178911
2.74423,-0.0020407
3.22558,-0.0224589
2.2202,-0.0326979
1.57381,0.0121276
1.93956,0.00575701
2.59581,0.0135683
2.73283,-0.0297029
2.29867,-0.00960813
2.7248,-0.0372995
3.36449,-0.0598011
3.75843,0.00719639
2.49222,-0.00784946
2.4189,-0.00483824
2.42122,0.00846297
2.48641,-0.00984863
2.80158,-0.0203303
2.61775,-0.0708797
2.64076,0.0389274
2.28429,-0.0342911
3.33405,-0.021546
2.16183,0.0178577
2.06699,0.0423811
2.7221,-0.00334577
2.39784,0.0474704
3.42214,-0.0158899
3.65796,0.00610469
1.7422,0.039045
3.63749,-0.0124886
3.41958,-0.0289583
2.61817,-0.0400464
3.87192,-0.0594236
3.21821,0.000538424
2.441,-0.0191215
2.86112,0.00606865
2.80858,0.0742292
3.88568,0.0440056
2.86376,0.0112398
2.40664,-0.0238265
2.21694,-0.0216253
2.05767,-0.0186083
1.71671,0.0254817
2.5294,0.0331028
2.63349,0.00713109
3.01696,0.0142869
3.02296,0.000474347
2.51443,0.0246351
2.52859,-0.0442136
2.76117,0.0278957
3.2068,0.0197617
2.53857,-0.0151288
3.61526,-0.0215103
2.59551,-0.0173841
2.87543,0.0230066
2.10044,0.00893098
2.75948,-0.00948365
2.5384,0.0241012
2.92014,0.032989
2.07066,-0.00815766
2.44734,-0.0254678
2.42483,-0.0576377
2.90656,-0.0159302
2.36224,-0.0028695
2.29585,0.0322798
2.01761,0.013636
3.14135,0.0227091
2.15168,-0.0266805
2.84461,0.014762
1.79503,-0.0137823
2.22097,-0.0100367
3.29388,0.0108062
2.77604,0.00521414
1.53651,-0.013071
2.70641,0.00453157
3.0456,0.00127534
2.4606,0.0706517
2.20242,-0.0383604
2.74214,0.0547398
2.84153,-0.0055943
3.97644,0.00793988
2.54074,-0.0173045
2.14678,0.0407156
2.45852,0.0180459
2.61021,0.0147867
2.18356,-0.0351259
3.77951,-0.00606769
3.29052,0.0219823
2.51879,-0.0422295
1.61181,-0.0414937
1.17902,0.000662939
2.25211,0.0213262
2.23466,0.0387791
2.13042,0.0492709
2.56011,-0.013236
3.31842,-0.0606097
3.06379,-0.00128823
2.92767,0.00983207
1.9654,-0.0200837
2.3417,-0.00575849
2.70261,0.00832328
1.76519,-0.0230066
2.11703,-0.0545291
3.13244,0.0159981
2.26763,-0.0254424
1.80531,0.0462518
2.53621,0.0419154
1.99891,0.00109361
3.08104,-0.0107246
2.97969,-0.0578146
3.50407,-0.0275082
3.26333,-0.0289592
2.55946,0.0342918
2.45671,0.0198486
2.41723,0.0202729
2.58937,0.020008
2.33401,-0.021512
2.57956,0.0454406
2.6089,0.0160978
2.0572,-0.0415762
2.01833,-0.0261407
2.4705,0.0138772
2.30088,0.0272494
2.84189,-0.00594939
2.42796,0.00172453
2.74236,0.054514
2.11754,0.0308941
3.08577,-0.0232662
1.67369,0.0216237
2.37444,0.00837035
2.23507,-0.0163216
2.84161,-0.0213023
2.63466,-0.00965621
2.08749,-0.0249949
2.74548,-0.0111088
2.67763,0.0254919
3.09263,-0.0223197
2.02287,0.0240071
2.55381,-0.0069383
2.43988,0.021054
3.4696,-0.00866568
2.51064,0.00498987
3.82734,-0.0382787
3.20366,-0.000539242
2.49442,0.0446398
2.29843,-0.0171829
2.97736,0.0148227
1.83826,0.0367426
3.19607,-0.0163781
3.20809,0.0184682
3.74828,0.00172202
2.71948,-0.0241628
2.23079,-0.0198551
2.57629,-0.00598056
1.8769,-0.0253403
2.56422,0.0217176
3.31242,0.03133
2.49686,-0.0359272
2.81144,0.00887107
2.48637,-0.0332448
2.78942,0.0230836
2.74343,0.0143867
2.69637,-0.0166796
3.24574,-0.0113671
1.91919,0.0339384
2.70162,0.00931352
2.86187,-0.0571848
2.76077,0.0126698
2.39231,0.0373775
1.68998,0.0522078
2.97786,-0.0325481
3.10135,0.0314646
2.38518,-0.0258089
1.63611,0.0123318
2.23627,-0.0253299
1.8804,0.0180353
3.22767,0.0613891
3.51928,-0.0270929
3.36043,-0.0166818
1.61756,0.0308797
3.25582,0.0332389
2.8289,-0.0476456
2.70605,0.0205109
1.85704,-0.0211058
2.19362,0.00950915
1.71849,0.00807392
2.14862,-0.000180848
2.75467,-0.00466565
2.46162,0.0071319
3.01441,-0.0300386
2.00001,-1.08169e-05
2.17735,-0.0367272
3.157,0.0539347
2.24407,0.0137464
2.66481,0.00706106
2.80455,0.039196
2.2395,-0.0129342
2.1236,0.00139875
2.43151,0.0138009
3.7935,-0.0356872
3.99825,-0.0138772
3.13014,0.0182991
1.98849,-0.00411686
2.00853,-0.00853457
2.97216,-0.0112272
2.86486,0.0101423
2.8534,0.0215989
2.65053,-0.0411591
1.78094,-0.00750338
2.37757,0.0443039
3.29408,0.0106091
2.2951,-0.0138508
2.11267,0.00451857
3.50042,-0.0238527
2.54128,-0.0334704
2.84335,0.0472751
2.52607,-0.0104443
2.54083,0.0216747
3.59436,0.0306414
2.80233,-0.0132627
1.97954,-0.0264111
2.30977,-0.0285203
2.86944,0.0289933
2.82464,-0.0199488
2.19642,0.0067066
3.70712,-0.0118087
2.39031,-0.00749387
2.84077,-0.0126416
2.85415,0.0208537
1.8743,0.055383
2.54447,-0.0366609
2.34282,-0.00688598
2.40898,0.00508333
2.59466,0.0225258
2.07716,0.0244054
2.31454,0.00577099
2.81812,-0.00561597
3.1136,-0.00422023
1.90299,0.0188881
2.90524,-0.00680446
2.06613,-0.0114447
2.63591,-0.00309596
2.06521,-0.0183367
2.55825,-0.00356603
3.20017,-0.0204776
3.10382,-0.00226175
2.07704,0.0479551
2.61929,0.0213311
2.8992,-0.00857217
2.48117,-0.0202292
2.29113,0.0291838
3.08124,0.0125064
3.05044,-0.027007
2.69966,0.0112783
2.529,0.0178739
2.62428,-0.00709682
2.46826,0.0942356
2.67278,0.0069045
3.24533,0.028106
2.39848,0.0155818
2.91232,0.00174213
2.655,0.0559399
2.69869,-0.0190042
2.62608,0.00673441
2.5934,-0.015271
2.71741,-0.00646924
2.86639,-0.0460779
2.69082,0.0279336
2.3252,0.00292795
2.72667,-0.0157342
4.06395,0.0532418
2.4181,-0.0118512
3.23268,-0.0295553
2.57151,-0.00901359
2.97269,0.00387042
2.89943,0.0302549
3.49635,-0.051034
2.52799,0.0188858
2.39615,0.0257262
2.14838,0.0156857
2.20886,-0.0213609
2.43854,0.00676764
2.2817,-0.000451325
3.43303,0.0200918
2.62324,0.00957645
3.26993,0.0581974
3.02931,0.0331889
2.18753,-0.00784646
4.47414,0.0493004
2.63972,0.024347
2.75851,-0.000696548
2.91471,-0.0318944
2.23489,-0.000511388
2.62142,-0.0667296
2.49554,0.0200884
3.79001,-0.00875513
1.60818,-0.0378647
2.21001,-0.0537561
3.9026,-0.00415918
2.40457,-0.0217569
2.64712,0.0247599
3.11851,0.0143019
2.48875,-0.0278104
2.51003,0.0212205
1.88132,-0.0453855
1.69441,-0.0303437
3.18897,0.0532204
2.10237,0.0226323
2.25378,0.0118498
2.82716,-0.0459093
2.26111,0.0045142
3.95734,-0.00421399
2.23375,-0.0150039
2.80724,0.0052568
2.04702,-0.000140444
2.39577,0.0339138
1.80121,0.0425369
3.01111,-0.0345508
2.57834,0.015406
3.5992,0.00236116
2.5987,-0.0596364
2.97448,0.0333345
2.84856,-0.0282508
3.02913,-0.0213135
2.25014,-0.0157643
3.11267,-0.00329219
2.79527,-0.00620659
1.93563,-0.0215648
2.52616,0.00508908
2.22161,-0.0262948
3.1747,0.0284283
2.98249,-0.0215499
3.21512,0.00363008
1.91679,0.02852
3.45897,-0.029283
2.75819,-0.00819319
2.1839,0.0348479
1.46947,0.00709639
3.54447,0.0180254
2.13717,-0.0121714
1.87505,-0.0469291
2.17097,-0.0381605
2.7767,-0.0266996
2.13942,-0.0222352
1.85855,-0.022612
2.01449,-0.0144949
2.18206,0.0288824
2.42338,-0.0327529
3.07013,0.0548749
2.35886,0.000519645
2.84974,-0.0372371
2.5602,0.0257397
3.01755,0.013704
2.25659,-0.00658928
2.7196,-0.0242875
1.97249,-0.011557
2.26899,0.0122589
2.72974,-0.0500529
2.42929,-0.0152272
1.66921,0.0104746
3.42647,-0.0202228
2.16507,0.0458722
2.10038,-0.0691285
1.79521,-0.00614588
1.68956,0.0213753
2.4817,-0.0129462
2.20893,0.0254427
2.87346,0.0249804
3.23807,-0.0115028
2.62463,0.00817874
2.96081,0.0235628
1.73833,-0.0117704
2.35369,-0.00993933
2.18742,-0.0467975
3.58714,-0.00120224
2.94856,-0.0188712
2.50805,0.0153875
2.75155,-0.0328031
2.07349,-0.0578639
2.82503,-0.0359634
2.81398,0.014149
3.40138,0.0204973
2.3781,0.0437711
2.99413,0.0214934
3.71351,-0.0181951
2.42024,0.00163912
2.84029,-0.0121629
3.22382,-0.0206911
3.11641,0.000779007
1.13763,0.00299082
3.1191,0.0215222
2.49183,0.0159831
2.71382,0.0361789
2.37866,-0.0192836
2.26306,-0.0130599
2.52427,-0.000835562
2.80504,-0.000354012
2.6949,-0.0230244
3.21835,-0.0152239
2.41053,-0.0120888
3.12305,0.0019468
3.18857,0.0145599
2.42957,0.00793142
2.65133,0.0049218
2.36079,-0.00141149
2.45723,-0.0431654
2.6947,-0.0150123
2.28125,-0.00781167
2.18967,-0.0490458
2.89943,0.0302549
3.93621,-0.00651908
2.4246,-0.018351
2.67608,0.019236
3.22838,0.0138114
2.0666,0.0193405
2.58371,-0.0133941
2.28718,0.00969844
2.24813,-0.0215715
2.43377,-0.0118907
2.03905,-0.0390458
2.52095,0.0259285
2.8224,-0.00209068
1.9797,0.0046751
3.08715,-0.0168381
3.25224,-0.0334924
3.14295,-0.0179516
1.98149,0.0185143
3.40584,-0.0152144
2.08074,0.0520722
3.12408,-0.0381451
2.76188,-0.0118812
3.68625,0.00906308
2.94495,-0.00745218
2.58004,-0.00191773
3.11123,0.00596205
3.59544,-0.0641919
2.52534,-0.00189948
2.33102,0.0127307
2.62705,-0.0254915
2.52859,-0.0442136
2.37561,0.0384524
2.75188,-0.0175093
4.7693,-0.0114862
3.52875,0.00249752
2.84845,0.00311381
2.26947,-0.0272859
2.96285,-0.00190836
2.87966,0.0265904
2.03786,0.040263
3.23404,0.0159577
2.44257,-0.00506595
2.58437,-0.0140572
3.32805,0.0235102
1.89039,0.00804686
3.15727,0.0302268
3.40853,0.00553106
1.99227,0.0389849
2.58891,-0.00297021
2.63289,-7.63303e-05
2.45266,0.00827652
3.01441,-0.0300386
3.18605,0.00926096
2.68736,0.0235735
4.10171,-0.0157745
3.3667,0.00829795
2.43163,-0.0097564
2.48063,0.0349985
2.57762,-0.00730766
2.35826,-0.014511
3.12572,-0.000715353
2.09701,0.0358074
3.76316,-0.013155
2.91792,0.0117695
3.07235,-0.0254787
3.09376,-0.0156315
2.25399,-0.00398509
4.08562,0.0237538
2.49921,0.0554813
1.96833,-0.0698942
2.12598,-0.040038
1.99216,-0.00778599
2.28744,-0.0140032
3.437,0.000496391
2.65958,-0.0189533
2.20784,0.0734117
2.70324,-0.0313611
2.62614,-0.0323873
3.20188,-0.0143846
2.81964,-0.0149483
2.67224,-0.0237993
2.65833,0.0447914
1.8315,-0.0424392
3.23217,-0.00561128
1.87848,0.0121489
3.3357,0.0158578
3.06338,-0.00869305
1.89937,0.0146914
3.27869,0.0181833
2.67727,0.0102301
2.78991,-0.0320989
2.57833,-0.0158314
2.9195,-0.0132509
3.38554,-0.0183494
1.75925,0.0376211
2.1374,-0.0045912
1.71668,0.0098862
2.46984,-0.0323447
2.71166,-0.0241568
3.1709,0.000976609
2.3762,0.0144267
2.49847,-0.029722
2.19171,-0.0120224
2.2638,-0.0216151
2.56077,-0.0373299
3.59094,-0.0050033
2.64517,0.0188934
1.74164,-0.00726352
2.2923,-0.0344829
2.94171,0.0192259
1.73979,-0.0210416
2.36745,-0.0471344
1.99436,-0.0646761
2.931,0.0221236
1.81266,0.0388981
2.24667,-0.0122915
2.42076,-0.0145103
2.60627,0.0499817
4.05017,0.00451262
3.68705,-0.0229898
2.46145,0.00730423
2.53496,0.0275437
2.11175,-0.0101897
2.73752,-0.0109542
2.88196,0.0164751
2.42864,-0.0302021
3.58546,0.016099
1.63429,-0.0092873
2.28941,-0.0237819
1.64327,0.012985
2.05636,0.0295728
2.94318,0.0021318
2.82481,0.00331942
2.75837,-0.00836546
3.16651,-0.00244825
2.67634,0.0502257
2.88584,0.0282244
3.37827,0.0279839
1.94377,0.0171678
2.51215,0.0347222
1.19139,0.0351734
2.15322,0.00302662
4.02052,0.0419827
2.59724,-0.0113028
2.49627,0.0115429
2.66617,-0.0255441
1.99782,0.0334343
2.47331,-0.0279983
2.72627,0.0393522
2.63269,0.0079394
2.93925,-0.0486253
3.70781,-0.0281205
2.37351,-0.068822
1.85772,-0.021783
2.84888,-0.0520095
2.67835,0.0247754
3.10467,0.0125148
2.51336,0.0413232
2.92067,0.00902136
2.84184,0.00190848
3.21715,-0.0296512
1.98447,-0.00790263
2.2352,0.0382388
2.3637,0.0113039
2.59153,0.025656
3.06569,-0.0344366
2.66842,-0.0199806
1.36268,0.0435737
2.4627,0.0294904
2.94979,0.00333886
2.26176,0.0116809
3.48759,0.0124075
2.3852,-0.010195
2.98447,-9.53815e-05
2.89069,-0.00788185
1.83066,0.0208997
2.08776,-0.0252643
2.77842,0.00283453
2.46888,-0.0157508
3.10467,0.00470691
2.01438,0.016871
1.97471,-0.00596017
3.47111,0.0523261
2.15925,-0.0186274
2.57706,0.0166866
2.94345,0.0409212
2.74359,0.0220393
1.90798,-0.025163
1.81764,0.0261126
2.93017,-0.0317323
2.47166,0.0127147
3.10302,-0.0483329
1.65947,0.0124064
1.9804,0.0196047
3.02285,0.000584968
1.94263,0.0261223
4.11255,-0.0187974
2.36023,0.0225857
1.72979,-0.0657272
2.98142,0.0654591
3.21044,0.0161222
3.5727,0.013238
2.85734,0.00985195
2.13557,-0.0496344
2.99429,-0.0646065
1.8076,-0.00290986
2.58202,-0.0507737
3.00935,-0.0327851
1.83789,0.0527302
2.23358,-0.0226384
2.97719,0.0462446
1.78398,-0.0339835
2.80468,-0.0156212
2.54981,-0.00293984
2.83253,0.0346583
2.66532,-0.00906938
2.29907,0.0134318
2.69774,-0.0336764
2.83815,-0.0178352
2.40688,-0.0240722
2.41266,0.0404649
2.88046,-0.044522
1.80898,-0.0277256
2.99955,0.000446629
2.64004,0.00839521
3.50009,0.0311629
3.10142,0.0157655
1.88847,0.00997163
3.53369,-0.0415025
3.35762,0.0173846
3.13132,-0.0141324
2.39712,-0.0143077
2.18446,0.0186667
2.65769,-0.0170659
2.29871,0.00597778
2.65514,0.00110839
2.29062,0.00625553
2.33679,-0.00866542
2.72392,-0.0364236
4.3407,0.0577423
2.44987,-0.00455489
3.09233,-0.00639167
2.48154,-0.0284129
3.15941,0.0124661
1.85119,-0.0152488
3.53089,-0.0308902
2.62298,0.00202469
3.33267,0.0110844
2.263,0.0495031
2.22348,-0.0359811
2.06572,0.0124052
2.21444,0.019933
2.74612,-0.0117409
2.36517,-0.044853
2.60353,-0.0410327
2.97137,-0.0651224
2.77494,0.0063148
2.25837,-0.023999
2.26292,-0.0129165
2.40925,-0.0186212
2.24291,0.0461478
1.83628,-0.0159688
1.41896,-0.00489886
2.81588,-0.0424382
2.89889,-0.0473318
3.642,-0.00137008
2.60337,-0.00180406
3.05944,-0.00474994
2.7655,0.0157463
2.52004,0.00340242
3.4343,-0.004615
2.93868,0.045696
2.59801,-0.00426328
3.51189,0.00373073
2.44921,0.00391488
1.68936,-0.0174855
1.90232,-0.0273238
2.50102,0.0302337
2.63413,-0.0403796
2.91792,0.0117695
2.1576,-0.024783
2.16982,0.0567422
2.91106,0.0420636
2.72661,0.0390116
2.41849,-0.00442852
2.40712,-0.0321205
2.55241,-0.00553805
